Device_ID,Channel_ID,Test_Time,Step_ID,Cycle_ID,EIS_Test_ID,EIS_Data_Point,Frequency,Zmod,Zphz,Zreal,Zimg,OCV,AC_Amp_RMS,DC_Base,Driven_Type,Product_ID
25925825,7,23420.671,10,1,0,0,0.1001,0.0216,-8.3532,0.0214,-0.0031,4.1923,0.25,0,Galvanostatic,Gamry_1
25925825,7,23420.671,10,1,0,1,0.1335,0.0212,-7.2282,0.0210,-0.0027,4.1923,0.25,0,Galvanostatic,Gamry_1
25925825,7,23420.671,10,1,0,2,0.1781,0.0208,-6.2830,0.0207,-0.0023,4.1923,0.25,0,Galvanostatic,Gamry_1
25925825,7,23420.671,10,1,0,3,0.2372,0.0205,-5.5302,0.0204,-0.0020,4.1923,0.25,0,Galvanostatic,Gamry_1
25925825,7,23420.671,10,1,0,4,0.3167,0.0202,-5.0157,0.0202,-0.0018,4.1923,0.25,0,Galvanostatic,Gamry_1
25925825,7,23420.671,10,1,0,5,0.4231,0.0200,-4.3158,0.0199,-0.0015,4.1923,0.25,0,Galvanostatic,Gamry_1
25925825,7,23420.671,10,1,0,6,0.5634,0.0198,-4.0491,0.0198,-0.0014,4.1923,0.25,0,Galvanostatic,Gamry_1
25925825,7,23420.671,10,1,0,7,0.7512,0.0196,-3.5961,0.0196,-0.0012,4.1923,0.25,0,Galvanostatic,Gamry_1
25925825,7,23420.671,10,1,0,8,1.0016,0.0194,-3.4953,0.0194,-0.0012,4.1923,0.25,0,Galvanostatic,Gamry_1
25925825,7,23420.671,10,1,0,9,1.3470,0.0193,-3.3807,0.0193,-0.0011,4.1923,0.25,0,Galvanostatic,Gamry_1
25925825,7,23420.671,10,1,0,10,1.7589,0.0192,-3.3496,0.0192,-0.0011,4.1923,0.25,0,Galvanostatic,Gamry_1
25925825,7,23420.671,10,1,0,11,2.3916,0.0190,-3.3975,0.0190,-0.0011,4.1923,0.25,0,Galvanostatic,Gamry_1
25925825,7,23420.671,10,1,0,12,3.1672,0.0188,-3.6939,0.0188,-0.0012,4.1923,0.25,0,Galvanostatic,Gamry_1
25925825,7,23420.671,10,1,0,13,4.2344,0.0186,-3.9681,0.0186,-0.0013,4.1923,0.25,0,Galvanostatic,Gamry_1
25925825,7,23420.671,10,1,0,14,5.5804,0.0184,-4.2650,0.0183,-0.0014,4.1923,0.25,0,Galvanostatic,Gamry_1
25925825,7,23420.671,10,1,0,15,7.4405,0.0181,-4.5840,0.0181,-0.0014,4.1923,0.25,0,Galvanostatic,Gamry_1
25925825,7,23420.671,10,1,0,16,9.9102,0.0178,-4.8118,0.0177,-0.0015,4.1923,0.25,0,Galvanostatic,Gamry_1
25925825,7,23420.671,10,1,0,17,13.3168,0.0175,-4.9068,0.0174,-0.0015,4.1923,0.25,0,Galvanostatic,Gamry_1
25925825,7,23420.671,10,1,0,18,17.7557,0.0171,-4.8617,0.0171,-0.0015,4.1923,0.25,0,Galvanostatic,Gamry_1
25925825,7,23420.671,10,1,0,19,23.9158,0.0168,-4.7014,0.0168,-0.0014,4.1923,0.25,0,Galvanostatic,Gamry_1
25925825,7,23420.671,10,1,0,20,31.8878,0.0166,-4.5476,0.0165,-0.0013,4.1923,0.25,0,Galvanostatic,Gamry_1
25925825,7,23420.671,10,1,0,21,42.6136,0.0164,-4.2651,0.0163,-0.0012,4.1923,0.25,0,Galvanostatic,Gamry_1
25925825,7,23420.671,10,1,0,22,54.5058,0.0161,-3.8746,0.0161,-0.0011,4.1923,0.25,0,Galvanostatic,Gamry_1
25925825,7,23420.671,10,1,0,23,74.4048,0.0159,-4.0023,0.0159,-0.0011,4.1923,0.25,0,Galvanostatic,Gamry_1
25925825,7,23420.671,10,1,0,24,99.7340,0.0157,-3.8092,0.0156,-0.0010,4.1923,0.25,0,Galvanostatic,Gamry_1
25925825,7,23420.671,10,1,0,25,133.9286,0.0155,-3.6100,0.0155,-0.0010,4.1923,0.25,0,Galvanostatic,Gamry_1
25925825,7,23420.671,10,1,0,26,178.0063,0.0153,-3.4074,0.0153,-0.0009,4.1923,0.25,0,Galvanostatic,Gamry_1
25925825,7,23420.671,10,1,0,27,238.3475,0.0151,-3.1560,0.0151,-0.0008,4.1923,0.25,0,Galvanostatic,Gamry_1
25925825,7,23420.671,10,1,0,28,319.6023,0.0150,-2.8933,0.0150,-0.0008,4.1923,0.25,0,Galvanostatic,Gamry_1
25925825,7,23420.671,10,1,0,29,418.5268,0.0148,-2.7072,0.0148,-0.0007,4.1923,0.25,0,Galvanostatic,Gamry_1
25925825,7,23420.671,10,1,0,30,558.0357,0.0147,-2.3245,0.0147,-0.0006,4.1923,0.25,0,Galvanostatic,Gamry_1
25925825,7,23420.671,10,1,0,31,745.7386,0.0145,-1.9919,0.0145,-0.0005,4.1923,0.25,0,Galvanostatic,Gamry_1
25925825,7,23420.671,10,1,0,32,1004.4640,0.0144,-1.4984,0.0144,-0.0004,4.1923,0.25,0,Galvanostatic,Gamry_1
25925825,7,23420.671,10,1,0,33,1324.7280,0.0142,-0.8577,0.0142,-0.0002,4.1923,0.25,0,Galvanostatic,Gamry_1
25925825,7,23420.671,10,1,0,34,1770.8330,0.0141,0.0504,0.0141,0.0000,4.1923,0.25,0,Galvanostatic,Gamry_1
25925825,7,23420.671,10,1,0,35,2343.7500,0.0140,1.1643,0.0140,0.0003,4.1923,0.25,0,Galvanostatic,Gamry_1
25925825,7,23420.671,10,1,0,36,3164.0630,0.0140,2.6705,0.0139,0.0007,4.1923,0.25,0,Galvanostatic,Gamry_1
25925825,7,23420.671,10,1,0,37,4230.1830,0.0140,4.4534,0.0139,0.0011,4.1923,0.25,0,Galvanostatic,Gamry_1
25925825,7,23420.671,10,1,0,38,5602.1340,0.0140,6.5345,0.0139,0.0016,4.1923,0.25,0,Galvanostatic,Gamry_1
25925825,7,23420.671,10,1,0,39,7431.4020,0.0142,9.0187,0.0140,0.0022,4.1923,0.25,0,Galvanostatic,Gamry_1
25925825,7,158332.1014,33,11,1,0,0.1001,0.0226,-7.6404,0.0224,-0.0030,4.1822,0.25,0,Galvanostatic,Gamry_1
25925825,7,158332.1014,33,11,1,1,0.1335,0.0222,-6.6128,0.0220,-0.0026,4.1822,0.25,0,Galvanostatic,Gamry_1
25925825,7,158332.1014,33,11,1,2,0.1781,0.0218,-5.8809,0.0217,-0.0022,4.1822,0.25,0,Galvanostatic,Gamry_1
25925825,7,158332.1014,33,11,1,3,0.2372,0.0215,-5.2173,0.0215,-0.0020,4.1822,0.25,0,Galvanostatic,Gamry_1
25925825,7,158332.1014,33,11,1,4,0.3167,0.0213,-4.6295,0.0213,-0.0017,4.1822,0.25,0,Galvanostatic,Gamry_1
25925825,7,158332.1014,33,11,1,5,0.4231,0.0211,-4.2633,0.0210,-0.0016,4.1822,0.25,0,Galvanostatic,Gamry_1
25925825,7,158332.1014,33,11,1,6,0.5634,0.0209,-3.8826,0.0208,-0.0014,4.1822,0.25,0,Galvanostatic,Gamry_1
25925825,7,158332.1014,33,11,1,7,0.7512,0.0207,-3.8971,0.0207,-0.0014,4.1822,0.25,0,Galvanostatic,Gamry_1
25925825,7,158332.1014,33,11,1,8,1.0016,0.0206,-3.7759,0.0205,-0.0014,4.1822,0.25,0,Galvanostatic,Gamry_1
25925825,7,158332.1014,33,11,1,9,1.3470,0.0204,-3.9282,0.0203,-0.0014,4.1822,0.25,0,Galvanostatic,Gamry_1
25925825,7,158332.1014,33,11,1,10,1.7589,0.0202,-4.1288,0.0201,-0.0015,4.1822,0.25,0,Galvanostatic,Gamry_1
25925825,7,158332.1014,33,11,1,11,2.3916,0.0199,-4.5536,0.0199,-0.0016,4.1822,0.25,0,Galvanostatic,Gamry_1
25925825,7,158332.1014,33,11,1,12,3.1672,0.0197,-5.0281,0.0196,-0.0017,4.1822,0.25,0,Galvanostatic,Gamry_1
25925825,7,158332.1014,33,11,1,13,4.2344,0.0193,-5.4952,0.0192,-0.0019,4.1822,0.25,0,Galvanostatic,Gamry_1
25925825,7,158332.1014,33,11,1,14,5.5804,0.0189,-5.9099,0.0188,-0.0019,4.1822,0.25,0,Galvanostatic,Gamry_1
25925825,7,158332.1014,33,11,1,15,7.4405,0.0185,-6.2016,0.0184,-0.0020,4.1822,0.25,0,Galvanostatic,Gamry_1
25925825,7,158332.1014,33,11,1,16,9.9102,0.0180,-6.2660,0.0179,-0.0020,4.1822,0.25,0,Galvanostatic,Gamry_1
25925825,7,158332.1014,33,11,1,17,13.3168,0.0176,-6.0544,0.0175,-0.0019,4.1822,0.25,0,Galvanostatic,Gamry_1
25925825,7,158332.1014,33,11,1,18,17.7557,0.0172,-5.7488,0.0171,-0.0017,4.1822,0.25,0,Galvanostatic,Gamry_1
25925825,7,158332.1014,33,11,1,19,23.9158,0.0169,-5.3521,0.0168,-0.0016,4.1822,0.25,0,Galvanostatic,Gamry_1
25925825,7,158332.1014,33,11,1,20,31.8878,0.0166,-4.9830,0.0165,-0.0014,4.1822,0.25,0,Galvanostatic,Gamry_1
25925825,7,158332.1014,33,11,1,21,42.6136,0.0164,-4.5297,0.0163,-0.0013,4.1822,0.25,0,Galvanostatic,Gamry_1
25925825,7,158332.1014,33,11,1,22,54.5058,0.0162,-4.7353,0.0161,-0.0013,4.1822,0.25,0,Galvanostatic,Gamry_1
25925825,7,158332.1014,33,11,1,23,74.4048,0.0159,-4.2656,0.0159,-0.0012,4.1822,0.25,0,Galvanostatic,Gamry_1
25925825,7,158332.1014,33,11,1,24,99.7340,0.0157,-3.9911,0.0157,-0.0011,4.1822,0.25,0,Galvanostatic,Gamry_1
25925825,7,158332.1014,33,11,1,25,133.9286,0.0155,-3.8415,0.0155,-0.0010,4.1822,0.25,0,Galvanostatic,Gamry_1
25925825,7,158332.1014,33,11,1,26,178.0063,0.0153,-3.5234,0.0153,-0.0009,4.1822,0.25,0,Galvanostatic,Gamry_1
25925825,7,158332.1014,33,11,1,27,238.3475,0.0151,-3.3396,0.0151,-0.0009,4.1822,0.25,0,Galvanostatic,Gamry_1
25925825,7,158332.1014,33,11,1,28,319.6023,0.0150,-3.0665,0.0150,-0.0008,4.1822,0.25,0,Galvanostatic,Gamry_1
25925825,7,158332.1014,33,11,1,29,418.5268,0.0148,-2.8497,0.0148,-0.0007,4.1822,0.25,0,Galvanostatic,Gamry_1
25925825,7,158332.1014,33,11,1,30,558.0357,0.0147,-2.4707,0.0147,-0.0006,4.1822,0.25,0,Galvanostatic,Gamry_1
25925825,7,158332.1014,33,11,1,31,745.7386,0.0145,-2.1641,0.0145,-0.0005,4.1822,0.25,0,Galvanostatic,Gamry_1
25925825,7,158332.1014,33,11,1,32,1004.4640,0.0143,-1.6733,0.0143,-0.0004,4.1822,0.25,0,Galvanostatic,Gamry_1
25925825,7,158332.1014,33,11,1,33,1324.7280,0.0142,-1.0324,0.0142,-0.0003,4.1822,0.25,0,Galvanostatic,Gamry_1
25925825,7,158332.1014,33,11,1,34,1770.8330,0.0141,-0.1837,0.0141,0.0000,4.1822,0.25,0,Galvanostatic,Gamry_1
25925825,7,158332.1014,33,11,1,35,2343.7500,0.0140,0.8811,0.0140,0.0002,4.1822,0.25,0,Galvanostatic,Gamry_1
25925825,7,158332.1014,33,11,1,36,3164.0630,0.0139,2.3015,0.0139,0.0006,4.1822,0.25,0,Galvanostatic,Gamry_1
25925825,7,158332.1014,33,11,1,37,4230.1830,0.0139,3.9870,0.0139,0.0010,4.1822,0.25,0,Galvanostatic,Gamry_1
25925825,7,158332.1014,33,11,1,38,5602.1340,0.0140,5.9385,0.0139,0.0014,4.1822,0.25,0,Galvanostatic,Gamry_1
25925825,7,158332.1014,33,11,1,39,7431.4020,0.0141,8.3198,0.0139,0.0020,4.1822,0.25,0,Galvanostatic,Gamry_1
25925825,7,307609.7472,33,21,2,0,0.1001,0.0232,-7.4516,0.0230,-0.0030,4.1827,0.25,0,Galvanostatic,Gamry_1
25925825,7,307609.7472,33,21,2,1,0.1335,0.0228,-6.4552,0.0227,-0.0026,4.1827,0.25,0,Galvanostatic,Gamry_1
25925825,7,307609.7472,33,21,2,2,0.1781,0.0225,-5.6973,0.0224,-0.0022,4.1827,0.25,0,Galvanostatic,Gamry_1
25925825,7,307609.7472,33,21,2,3,0.2372,0.0222,-5.1686,0.0221,-0.0020,4.1827,0.25,0,Galvanostatic,Gamry_1
25925825,7,307609.7472,33,21,2,4,0.3167,0.0219,-4.6083,0.0219,-0.0018,4.1827,0.25,0,Galvanostatic,Gamry_1
25925825,7,307609.7472,33,21,2,5,0.4231,0.0218,-4.3299,0.0217,-0.0016,4.1827,0.25,0,Galvanostatic,Gamry_1
25925825,7,307609.7472,33,21,2,6,0.5634,0.0215,-4.1839,0.0215,-0.0016,4.1827,0.25,0,Galvanostatic,Gamry_1
25925825,7,307609.7472,33,21,2,7,0.7512,0.0214,-4.1005,0.0213,-0.0015,4.1827,0.25,0,Galvanostatic,Gamry_1
25925825,7,307609.7472,33,21,2,8,1.0016,0.0212,-4.3208,0.0211,-0.0016,4.1827,0.25,0,Galvanostatic,Gamry_1
25925825,7,307609.7472,33,21,2,9,1.3470,0.0209,-4.2937,0.0209,-0.0016,4.1827,0.25,0,Galvanostatic,Gamry_1
25925825,7,307609.7472,33,21,2,10,1.7589,0.0207,-4.8700,0.0206,-0.0018,4.1827,0.25,0,Galvanostatic,Gamry_1
25925825,7,307609.7472,33,21,2,11,2.3916,0.0204,-5.3404,0.0203,-0.0019,4.1827,0.25,0,Galvanostatic,Gamry_1
25925825,7,307609.7472,33,21,2,12,3.1672,0.0200,-5.9236,0.0199,-0.0021,4.1827,0.25,0,Galvanostatic,Gamry_1
25925825,7,307609.7472,33,21,2,13,4.2344,0.0196,-6.5158,0.0195,-0.0022,4.1827,0.25,0,Galvanostatic,Gamry_1
25925825,7,307609.7472,33,21,2,14,5.5804,0.0191,-6.9267,0.0190,-0.0023,4.1827,0.25,0,Galvanostatic,Gamry_1
25925825,7,307609.7472,33,21,2,15,7.4405,0.0186,-7.0433,0.0184,-0.0023,4.1827,0.25,0,Galvanostatic,Gamry_1
25925825,7,307609.7472,33,21,2,16,9.9102,0.0180,-6.9592,0.0179,-0.0022,4.1827,0.25,0,Galvanostatic,Gamry_1
25925825,7,307609.7472,33,21,2,17,13.3168,0.0175,-6.5824,0.0174,-0.0020,4.1827,0.25,0,Galvanostatic,Gamry_1
25925825,7,307609.7472,33,21,2,18,17.7557,0.0172,-6.0598,0.0171,-0.0018,4.1827,0.25,0,Galvanostatic,Gamry_1
25925825,7,307609.7472,33,21,2,19,23.9158,0.0168,-5.5441,0.0168,-0.0016,4.1827,0.25,0,Galvanostatic,Gamry_1
25925825,7,307609.7472,33,21,2,20,31.8878,0.0166,-5.1245,0.0165,-0.0015,4.1827,0.25,0,Galvanostatic,Gamry_1
25925825,7,307609.7472,33,21,2,21,42.6136,0.0163,-4.8473,0.0162,-0.0014,4.1827,0.25,0,Galvanostatic,Gamry_1
25925825,7,307609.7472,33,21,2,22,54.5058,0.0161,-4.3625,0.0160,-0.0012,4.1827,0.25,0,Galvanostatic,Gamry_1
25925825,7,307609.7472,33,21,2,23,74.4048,0.0159,-4.3266,0.0159,-0.0012,4.1827,0.25,0,Galvanostatic,Gamry_1
25925825,7,307609.7472,33,21,2,24,99.7340,0.0157,-4.1802,0.0156,-0.0011,4.1827,0.25,0,Galvanostatic,Gamry_1
25925825,7,307609.7472,33,21,2,25,133.9286,0.0155,-3.7074,0.0155,-0.0010,4.1827,0.25,0,Galvanostatic,Gamry_1
25925825,7,307609.7472,33,21,2,26,178.0063,0.0153,-3.6215,0.0153,-0.0010,4.1827,0.25,0,Galvanostatic,Gamry_1
25925825,7,307609.7472,33,21,2,27,238.3475,0.0151,-3.3064,0.0151,-0.0009,4.1827,0.25,0,Galvanostatic,Gamry_1
25925825,7,307609.7472,33,21,2,28,319.6023,0.0150,-3.0511,0.0149,-0.0008,4.1827,0.25,0,Galvanostatic,Gamry_1
25925825,7,307609.7472,33,21,2,29,418.5268,0.0148,-2.8204,0.0148,-0.0007,4.1827,0.25,0,Galvanostatic,Gamry_1
25925825,7,307609.7472,33,21,2,30,558.0357,0.0147,-2.4341,0.0146,-0.0006,4.1827,0.25,0,Galvanostatic,Gamry_1
25925825,7,307609.7472,33,21,2,31,745.7386,0.0145,-2.0831,0.0145,-0.0005,4.1827,0.25,0,Galvanostatic,Gamry_1
25925825,7,307609.7472,33,21,2,32,1004.4640,0.0143,-1.6152,0.0143,-0.0004,4.1827,0.25,0,Galvanostatic,Gamry_1
25925825,7,307609.7472,33,21,2,33,1324.7280,0.0142,-0.9941,0.0142,-0.0002,4.1827,0.25,0,Galvanostatic,Gamry_1
25925825,7,307609.7472,33,21,2,34,1770.8330,0.0141,-0.1329,0.0141,0.0000,4.1827,0.25,0,Galvanostatic,Gamry_1
25925825,7,307609.7472,33,21,2,35,2343.7500,0.0140,0.9270,0.0140,0.0002,4.1827,0.25,0,Galvanostatic,Gamry_1
25925825,7,307609.7472,33,21,2,36,3164.0630,0.0139,2.3297,0.0139,0.0006,4.1827,0.25,0,Galvanostatic,Gamry_1
25925825,7,307609.7472,33,21,2,37,4230.1830,0.0139,3.9936,0.0139,0.0010,4.1827,0.25,0,Galvanostatic,Gamry_1
25925825,7,307609.7472,33,21,2,38,5602.1340,0.0140,5.9655,0.0139,0.0015,4.1827,0.25,0,Galvanostatic,Gamry_1
25925825,7,307609.7472,33,21,2,39,7431.4020,0.0141,8.3346,0.0139,0.0020,4.1827,0.25,0,Galvanostatic,Gamry_1
25925825,7,456026.9109,33,31,3,0,0.1001,0.0238,-7.2482,0.0236,-0.0030,4.1831,0.25,0,Galvanostatic,Gamry_1
25925825,7,456026.9109,33,31,3,1,0.1335,0.0234,-6.3457,0.0233,-0.0026,4.1831,0.25,0,Galvanostatic,Gamry_1
25925825,7,456026.9109,33,31,3,2,0.1781,0.0231,-5.6567,0.0230,-0.0023,4.1831,0.25,0,Galvanostatic,Gamry_1
25925825,7,456026.9109,33,31,3,3,0.2372,0.0228,-5.1323,0.0227,-0.0020,4.1831,0.25,0,Galvanostatic,Gamry_1
25925825,7,456026.9109,33,31,3,4,0.3167,0.0226,-4.6941,0.0225,-0.0018,4.1831,0.25,0,Galvanostatic,Gamry_1
25925825,7,456026.9109,33,31,3,5,0.4231,0.0223,-4.4240,0.0223,-0.0017,4.1831,0.25,0,Galvanostatic,Gamry_1
25925825,7,456026.9109,33,31,3,6,0.5634,0.0221,-4.3560,0.0220,-0.0017,4.1831,0.25,0,Galvanostatic,Gamry_1
25925825,7,456026.9109,33,31,3,7,0.7512,0.0219,-4.4508,0.0219,-0.0017,4.1831,0.25,0,Galvanostatic,Gamry_1
25925825,7,456026.9109,33,31,3,8,1.0016,0.0217,-4.5927,0.0216,-0.0017,4.1831,0.25,0,Galvanostatic,Gamry_1
25925825,7,456026.9109,33,31,3,9,1.3470,0.0215,-4.9789,0.0214,-0.0019,4.1831,0.25,0,Galvanostatic,Gamry_1
25925825,7,456026.9109,33,31,3,10,1.7589,0.0212,-5.4094,0.0211,-0.0020,4.1831,0.25,0,Galvanostatic,Gamry_1
25925825,7,456026.9109,33,31,3,11,2.3916,0.0208,-6.0014,0.0207,-0.0022,4.1831,0.25,0,Galvanostatic,Gamry_1
25925825,7,456026.9109,33,31,3,12,3.1672,0.0203,-6.7722,0.0202,-0.0024,4.1831,0.25,0,Galvanostatic,Gamry_1
25925825,7,456026.9109,33,31,3,13,4.2344,0.0198,-7.3653,0.0196,-0.0025,4.1831,0.25,0,Galvanostatic,Gamry_1
25925825,7,456026.9109,33,31,3,14,5.5804,0.0192,-7.6851,0.0190,-0.0026,4.1831,0.25,0,Galvanostatic,Gamry_1
25925825,7,456026.9109,33,31,3,15,7.4405,0.0186,-7.6836,0.0184,-0.0025,4.1831,0.25,0,Galvanostatic,Gamry_1
25925825,7,456026.9109,33,31,3,16,9.9102,0.0180,-7.4204,0.0179,-0.0023,4.1831,0.25,0,Galvanostatic,Gamry_1
25925825,7,456026.9109,33,31,3,17,13.3168,0.0175,-6.8643,0.0174,-0.0021,4.1831,0.25,0,Galvanostatic,Gamry_1
25925825,7,456026.9109,33,31,3,18,17.7557,0.0172,-6.2184,0.0171,-0.0019,4.1831,0.25,0,Galvanostatic,Gamry_1
25925825,7,456026.9109,33,31,3,19,23.9158,0.0169,-5.6955,0.0168,-0.0017,4.1831,0.25,0,Galvanostatic,Gamry_1
25925825,7,456026.9109,33,31,3,20,31.8878,0.0166,-5.2275,0.0165,-0.0015,4.1831,0.25,0,Galvanostatic,Gamry_1
25925825,7,456026.9109,33,31,3,21,42.6136,0.0163,-4.6931,0.0163,-0.0013,4.1831,0.25,0,Galvanostatic,Gamry_1
25925825,7,456026.9109,33,31,3,22,54.5058,0.0162,-4.3581,0.0162,-0.0012,4.1831,0.25,0,Galvanostatic,Gamry_1
25925825,7,456026.9109,33,31,3,23,74.4048,0.0159,-4.3098,0.0158,-0.0012,4.1831,0.25,0,Galvanostatic,Gamry_1
25925825,7,456026.9109,33,31,3,24,99.7340,0.0157,-4.0719,0.0157,-0.0011,4.1831,0.25,0,Galvanostatic,Gamry_1
25925825,7,456026.9109,33,31,3,25,133.9286,0.0155,-3.7720,0.0155,-0.0010,4.1831,0.25,0,Galvanostatic,Gamry_1
25925825,7,456026.9109,33,31,3,26,178.0063,0.0153,-3.5665,0.0153,-0.0010,4.1831,0.25,0,Galvanostatic,Gamry_1
25925825,7,456026.9109,33,31,3,27,238.3475,0.0151,-3.2831,0.0151,-0.0009,4.1831,0.25,0,Galvanostatic,Gamry_1
25925825,7,456026.9109,33,31,3,28,319.6023,0.0150,-3.0815,0.0150,-0.0008,4.1831,0.25,0,Galvanostatic,Gamry_1
25925825,7,456026.9109,33,31,3,29,418.5268,0.0148,-2.7924,0.0148,-0.0007,4.1831,0.25,0,Galvanostatic,Gamry_1
25925825,7,456026.9109,33,31,3,30,558.0357,0.0147,-2.4115,0.0147,-0.0006,4.1831,0.25,0,Galvanostatic,Gamry_1
25925825,7,456026.9109,33,31,3,31,745.7386,0.0145,-2.0963,0.0145,-0.0005,4.1831,0.25,0,Galvanostatic,Gamry_1
25925825,7,456026.9109,33,31,3,32,1004.4640,0.0144,-1.5771,0.0144,-0.0004,4.1831,0.25,0,Galvanostatic,Gamry_1
25925825,7,456026.9109,33,31,3,33,1324.7280,0.0142,-0.9591,0.0142,-0.0002,4.1831,0.25,0,Galvanostatic,Gamry_1
25925825,7,456026.9109,33,31,3,34,1770.8330,0.0141,-0.1081,0.0141,0.0000,4.1831,0.25,0,Galvanostatic,Gamry_1
25925825,7,456026.9109,33,31,3,35,2343.7500,0.0140,0.9487,0.0140,0.0002,4.1831,0.25,0,Galvanostatic,Gamry_1
25925825,7,456026.9109,33,31,3,36,3164.0630,0.0140,2.3613,0.0139,0.0006,4.1831,0.25,0,Galvanostatic,Gamry_1
25925825,7,456026.9109,33,31,3,37,4230.1830,0.0140,4.0282,0.0139,0.0010,4.1831,0.25,0,Galvanostatic,Gamry_1
25925825,7,456026.9109,33,31,3,38,5602.1340,0.0140,5.9456,0.0139,0.0015,4.1831,0.25,0,Galvanostatic,Gamry_1
25925825,7,456026.9109,33,31,3,39,7431.4020,0.0141,8.2645,0.0140,0.0020,4.1831,0.25,0,Galvanostatic,Gamry_1
25925825,7,603511.8807,33,41,4,0,0.1001,0.0243,-7.1660,0.0241,-0.0030,4.1829,0.25,0,Galvanostatic,Gamry_1
25925825,7,603511.8807,33,41,4,1,0.1335,0.0239,-6.2832,0.0238,-0.0026,4.1829,0.25,0,Galvanostatic,Gamry_1
25925825,7,603511.8807,33,41,4,2,0.1781,0.0236,-5.6301,0.0235,-0.0023,4.1829,0.25,0,Galvanostatic,Gamry_1
25925825,7,603511.8807,33,41,4,3,0.2372,0.0233,-5.0941,0.0232,-0.0021,4.1829,0.25,0,Galvanostatic,Gamry_1
25925825,7,603511.8807,33,41,4,4,0.3167,0.0230,-4.6426,0.0229,-0.0019,4.1829,0.25,0,Galvanostatic,Gamry_1
25925825,7,603511.8807,33,41,4,5,0.4231,0.0228,-4.5223,0.0228,-0.0018,4.1829,0.25,0,Galvanostatic,Gamry_1
25925825,7,603511.8807,33,41,4,6,0.5634,0.0226,-4.5309,0.0225,-0.0018,4.1829,0.25,0,Galvanostatic,Gamry_1
25925825,7,603511.8807,33,41,4,7,0.7512,0.0223,-4.7726,0.0223,-0.0019,4.1829,0.25,0,Galvanostatic,Gamry_1
25925825,7,603511.8807,33,41,4,8,1.0016,0.0222,-4.8157,0.0221,-0.0019,4.1829,0.25,0,Galvanostatic,Gamry_1
25925825,7,603511.8807,33,41,4,9,1.3470,0.0219,-5.4887,0.0218,-0.0021,4.1829,0.25,0,Galvanostatic,Gamry_1
25925825,7,603511.8807,33,41,4,10,1.7589,0.0215,-5.9092,0.0214,-0.0022,4.1829,0.25,0,Galvanostatic,Gamry_1
25925825,7,603511.8807,33,41,4,11,2.3916,0.0211,-6.7324,0.0209,-0.0025,4.1829,0.25,0,Galvanostatic,Gamry_1
25925825,7,603511.8807,33,41,4,12,3.1672,0.0205,-7.4812,0.0204,-0.0027,4.1829,0.25,0,Galvanostatic,Gamry_1
25925825,7,603511.8807,33,41,4,13,4.2344,0.0199,-7.9652,0.0197,-0.0028,4.1829,0.25,0,Galvanostatic,Gamry_1
25925825,7,603511.8807,33,41,4,14,5.5804,0.0193,-8.2748,0.0191,-0.0028,4.1829,0.25,0,Galvanostatic,Gamry_1
25925825,7,603511.8807,33,41,4,15,7.4405,0.0186,-8.1678,0.0184,-0.0026,4.1829,0.25,0,Galvanostatic,Gamry_1
25925825,7,603511.8807,33,41,4,16,9.9102,0.0180,-7.7290,0.0179,-0.0024,4.1829,0.25,0,Galvanostatic,Gamry_1
25925825,7,603511.8807,33,41,4,17,13.3168,0.0175,-7.0548,0.0174,-0.0022,4.1829,0.25,0,Galvanostatic,Gamry_1
25925825,7,603511.8807,33,41,4,18,17.7557,0.0172,-6.3786,0.0171,-0.0019,4.1829,0.25,0,Galvanostatic,Gamry_1
25925825,7,603511.8807,33,41,4,19,23.9158,0.0169,-5.7727,0.0168,-0.0017,4.1829,0.25,0,Galvanostatic,Gamry_1
25925825,7,603511.8807,33,41,4,20,31.8878,0.0166,-5.2669,0.0165,-0.0015,4.1829,0.25,0,Galvanostatic,Gamry_1
25925825,7,603511.8807,33,41,4,21,42.6136,0.0164,-4.9112,0.0163,-0.0014,4.1829,0.25,0,Galvanostatic,Gamry_1
25925825,7,603511.8807,33,41,4,22,54.5058,0.0162,-4.3282,0.0161,-0.0012,4.1829,0.25,0,Galvanostatic,Gamry_1
25925825,7,603511.8807,33,41,4,23,74.4048,0.0159,-4.3517,0.0159,-0.0012,4.1829,0.25,0,Galvanostatic,Gamry_1
25925825,7,603511.8807,33,41,4,24,99.7340,0.0157,-4.0223,0.0157,-0.0011,4.1829,0.25,0,Galvanostatic,Gamry_1
25925825,7,603511.8807,33,41,4,25,133.9286,0.0155,-3.7770,0.0155,-0.0010,4.1829,0.25,0,Galvanostatic,Gamry_1
25925825,7,603511.8807,33,41,4,26,178.0063,0.0153,-3.6138,0.0153,-0.0010,4.1829,0.25,0,Galvanostatic,Gamry_1
25925825,7,603511.8807,33,41,4,27,238.3475,0.0152,-3.3102,0.0151,-0.0009,4.1829,0.25,0,Galvanostatic,Gamry_1
25925825,7,603511.8807,33,41,4,28,319.6023,0.0150,-3.0128,0.0150,-0.0008,4.1829,0.25,0,Galvanostatic,Gamry_1
25925825,7,603511.8807,33,41,4,29,418.5268,0.0148,-2.8171,0.0148,-0.0007,4.1829,0.25,0,Galvanostatic,Gamry_1
25925825,7,603511.8807,33,41,4,30,558.0357,0.0147,-2.4429,0.0147,-0.0006,4.1829,0.25,0,Galvanostatic,Gamry_1
25925825,7,603511.8807,33,41,4,31,745.7386,0.0145,-2.0897,0.0145,-0.0005,4.1829,0.25,0,Galvanostatic,Gamry_1
25925825,7,603511.8807,33,41,4,32,1004.4640,0.0144,-1.5977,0.0144,-0.0004,4.1829,0.25,0,Galvanostatic,Gamry_1
25925825,7,603511.8807,33,41,4,33,1324.7280,0.0142,-0.9529,0.0142,-0.0002,4.1829,0.25,0,Galvanostatic,Gamry_1
25925825,7,603511.8807,33,41,4,34,1770.8330,0.0141,-0.0945,0.0141,0.0000,4.1829,0.25,0,Galvanostatic,Gamry_1
25925825,7,603511.8807,33,41,4,35,2343.7500,0.0140,0.9581,0.0140,0.0002,4.1829,0.25,0,Galvanostatic,Gamry_1
25925825,7,603511.8807,33,41,4,36,3164.0630,0.0140,2.3553,0.0140,0.0006,4.1829,0.25,0,Galvanostatic,Gamry_1
25925825,7,603511.8807,33,41,4,37,4230.1830,0.0140,3.9943,0.0139,0.0010,4.1829,0.25,0,Galvanostatic,Gamry_1
25925825,7,603511.8807,33,41,4,38,5602.1340,0.0140,5.9327,0.0139,0.0014,4.1829,0.25,0,Galvanostatic,Gamry_1
25925825,7,603511.8807,33,41,4,39,7431.4020,0.0141,8.2770,0.0140,0.0020,4.1829,0.25,0,Galvanostatic,Gamry_1
25925825,7,943191.4652,33,51,5,0,0.1001,0.0248,-7.0648,0.0246,-0.0031,4.1830,0.25,0,Galvanostatic,Gamry_1
25925825,7,943191.4652,33,51,5,1,0.1335,0.0244,-6.2251,0.0243,-0.0026,4.1830,0.25,0,Galvanostatic,Gamry_1
25925825,7,943191.4652,33,51,5,2,0.1781,0.0241,-5.5695,0.0240,-0.0023,4.1830,0.25,0,Galvanostatic,Gamry_1
25925825,7,943191.4652,33,51,5,3,0.2372,0.0238,-5.0881,0.0237,-0.0021,4.1830,0.25,0,Galvanostatic,Gamry_1
25925825,7,943191.4652,33,51,5,4,0.3167,0.0236,-4.9063,0.0235,-0.0020,4.1830,0.25,0,Galvanostatic,Gamry_1
25925825,7,943191.4652,33,51,5,5,0.4231,0.0233,-4.7235,0.0233,-0.0019,4.1830,0.25,0,Galvanostatic,Gamry_1
25925825,7,943191.4652,33,51,5,6,0.5634,0.0231,-4.7260,0.0230,-0.0019,4.1830,0.25,0,Galvanostatic,Gamry_1
25925825,7,943191.4652,33,51,5,7,0.7512,0.0228,-4.9240,0.0228,-0.0020,4.1830,0.25,0,Galvanostatic,Gamry_1
25925825,7,943191.4652,33,51,5,8,1.0016,0.0226,-5.3170,0.0225,-0.0021,4.1830,0.25,0,Galvanostatic,Gamry_1
25925825,7,943191.4652,33,51,5,9,1.3470,0.0223,-5.8901,0.0222,-0.0023,4.1830,0.25,0,Galvanostatic,Gamry_1
25925825,7,943191.4652,33,51,5,10,1.7589,0.0219,-6.5907,0.0218,-0.0025,4.1830,0.25,0,Galvanostatic,Gamry_1
25925825,7,943191.4652,33,51,5,11,2.3916,0.0213,-7.3585,0.0212,-0.0027,4.1830,0.25,0,Galvanostatic,Gamry_1
25925825,7,943191.4652,33,51,5,12,3.1672,0.0208,-8.1659,0.0205,-0.0029,4.1830,0.25,0,Galvanostatic,Gamry_1
25925825,7,943191.4652,33,51,5,13,4.2344,0.0201,-8.6710,0.0198,-0.0030,4.1830,0.25,0,Galvanostatic,Gamry_1
25925825,7,943191.4652,33,51,5,14,5.5804,0.0194,-8.8200,0.0191,-0.0030,4.1830,0.25,0,Galvanostatic,Gamry_1
25925825,7,943191.4652,33,51,5,15,7.4405,0.0186,-8.5544,0.0184,-0.0028,4.1830,0.25,0,Galvanostatic,Gamry_1
25925825,7,943191.4652,33,51,5,16,9.9102,0.0181,-7.9792,0.0179,-0.0025,4.1830,0.25,0,Galvanostatic,Gamry_1
25925825,7,943191.4652,33,51,5,17,13.3168,0.0175,-7.2309,0.0174,-0.0022,4.1830,0.25,0,Galvanostatic,Gamry_1
25925825,7,943191.4652,33,51,5,18,17.7557,0.0172,-6.4670,0.0171,-0.0019,4.1830,0.25,0,Galvanostatic,Gamry_1
25925825,7,943191.4652,33,51,5,19,23.9158,0.0169,-5.7689,0.0168,-0.0017,4.1830,0.25,0,Galvanostatic,Gamry_1
25925825,7,943191.4652,33,51,5,20,31.8878,0.0166,-5.2691,0.0165,-0.0015,4.1830,0.25,0,Galvanostatic,Gamry_1
25925825,7,943191.4652,33,51,5,21,42.6136,0.0164,-4.8635,0.0163,-0.0014,4.1830,0.25,0,Galvanostatic,Gamry_1
25925825,7,943191.4652,33,51,5,22,54.5058,0.0162,-4.6630,0.0162,-0.0013,4.1830,0.25,0,Galvanostatic,Gamry_1
25925825,7,943191.4652,33,51,5,23,74.4048,0.0159,-4.3479,0.0159,-0.0012,4.1830,0.25,0,Galvanostatic,Gamry_1
25925825,7,943191.4652,33,51,5,24,99.7340,0.0157,-4.0451,0.0157,-0.0011,4.1830,0.25,0,Galvanostatic,Gamry_1
25925825,7,943191.4652,33,51,5,25,133.9286,0.0155,-3.8909,0.0155,-0.0011,4.1830,0.25,0,Galvanostatic,Gamry_1
25925825,7,943191.4652,33,51,5,26,178.0063,0.0154,-3.5624,0.0154,-0.0010,4.1830,0.25,0,Galvanostatic,Gamry_1
25925825,7,943191.4652,33,51,5,27,238.3475,0.0152,-3.3459,0.0152,-0.0009,4.1830,0.25,0,Galvanostatic,Gamry_1
25925825,7,943191.4652,33,51,5,28,319.6023,0.0150,-3.0510,0.0150,-0.0008,4.1830,0.25,0,Galvanostatic,Gamry_1
25925825,7,943191.4652,33,51,5,29,418.5268,0.0149,-2.7860,0.0149,-0.0007,4.1830,0.25,0,Galvanostatic,Gamry_1
25925825,7,943191.4652,33,51,5,30,558.0357,0.0147,-2.3689,0.0147,-0.0006,4.1830,0.25,0,Galvanostatic,Gamry_1
25925825,7,943191.4652,33,51,5,31,745.7386,0.0146,-2.0417,0.0146,-0.0005,4.1830,0.25,0,Galvanostatic,Gamry_1
25925825,7,943191.4652,33,51,5,32,1004.4640,0.0144,-1.5228,0.0144,-0.0004,4.1830,0.25,0,Galvanostatic,Gamry_1
25925825,7,943191.4652,33,51,5,33,1324.7280,0.0143,-0.9105,0.0143,-0.0002,4.1830,0.25,0,Galvanostatic,Gamry_1
25925825,7,943191.4652,33,51,5,34,1770.8330,0.0142,-0.0593,0.0142,0.0000,4.1830,0.25,0,Galvanostatic,Gamry_1
25925825,7,943191.4652,33,51,5,35,2343.7500,0.0141,0.9952,0.0141,0.0002,4.1830,0.25,0,Galvanostatic,Gamry_1
25925825,7,943191.4652,33,51,5,36,3164.0630,0.0140,2.3947,0.0140,0.0006,4.1830,0.25,0,Galvanostatic,Gamry_1
25925825,7,943191.4652,33,51,5,37,4230.1830,0.0140,4.0183,0.0140,0.0010,4.1830,0.25,0,Galvanostatic,Gamry_1
25925825,7,943191.4652,33,51,5,38,5602.1340,0.0141,5.9403,0.0140,0.0015,4.1830,0.25,0,Galvanostatic,Gamry_1
25925825,7,943191.4652,33,51,5,39,7431.4020,0.0142,8.2664,0.0141,0.0020,4.1830,0.25,0,Galvanostatic,Gamry_1
25925825,7,1089996.408,33,61,6,0,0.1001,0.0252,-6.9916,0.0250,-0.0031,4.1832,0.25,0,Galvanostatic,Gamry_1
25925825,7,1089996.408,33,61,6,1,0.1335,0.0248,-6.1801,0.0247,-0.0027,4.1832,0.25,0,Galvanostatic,Gamry_1
25925825,7,1089996.408,33,61,6,2,0.1781,0.0245,-5.5619,0.0244,-0.0024,4.1832,0.25,0,Galvanostatic,Gamry_1
25925825,7,1089996.408,33,61,6,3,0.2372,0.0242,-5.0799,0.0241,-0.0021,4.1832,0.25,0,Galvanostatic,Gamry_1
25925825,7,1089996.408,33,61,6,4,0.3167,0.0240,-4.9037,0.0239,-0.0020,4.1832,0.25,0,Galvanostatic,Gamry_1
25925825,7,1089996.408,33,61,6,5,0.4231,0.0237,-4.8043,0.0237,-0.0020,4.1832,0.25,0,Galvanostatic,Gamry_1
25925825,7,1089996.408,33,61,6,6,0.5634,0.0235,-4.8573,0.0234,-0.0020,4.1832,0.25,0,Galvanostatic,Gamry_1
25925825,7,1089996.408,33,61,6,7,0.7512,0.0232,-5.0320,0.0231,-0.0020,4.1832,0.25,0,Galvanostatic,Gamry_1
25925825,7,1089996.408,33,61,6,8,1.0016,0.0229,-5.7580,0.0228,-0.0023,4.1832,0.25,0,Galvanostatic,Gamry_1
25925825,7,1089996.408,33,61,6,9,1.3470,0.0226,-6.2949,0.0224,-0.0025,4.1832,0.25,0,Galvanostatic,Gamry_1
25925825,7,1089996.408,33,61,6,10,1.7589,0.0221,-6.9787,0.0220,-0.0027,4.1832,0.25,0,Galvanostatic,Gamry_1
25925825,7,1089996.408,33,61,6,11,2.3916,0.0215,-7.9625,0.0213,-0.0030,4.1832,0.25,0,Galvanostatic,Gamry_1
25925825,7,1089996.408,33,61,6,12,3.1672,0.0209,-8.7517,0.0206,-0.0032,4.1832,0.25,0,Galvanostatic,Gamry_1
25925825,7,1089996.408,33,61,6,13,4.2344,0.0201,-9.1684,0.0199,-0.0032,4.1832,0.25,0,Galvanostatic,Gamry_1
25925825,7,1089996.408,33,61,6,14,5.5804,0.0194,-9.2291,0.0191,-0.0031,4.1832,0.25,0,Galvanostatic,Gamry_1
25925825,7,1089996.408,33,61,6,15,7.4405,0.0186,-8.8735,0.0184,-0.0029,4.1832,0.25,0,Galvanostatic,Gamry_1
25925825,7,1089996.408,33,61,6,16,9.9102,0.0180,-8.1755,0.0179,-0.0026,4.1832,0.25,0,Galvanostatic,Gamry_1
25925825,7,1089996.408,33,61,6,17,13.3168,0.0176,-7.3281,0.0174,-0.0022,4.1832,0.25,0,Galvanostatic,Gamry_1
25925825,7,1089996.408,33,61,6,18,17.7557,0.0172,-6.5225,0.0171,-0.0020,4.1832,0.25,0,Galvanostatic,Gamry_1
25925825,7,1089996.408,33,61,6,19,23.9158,0.0169,-5.8285,0.0168,-0.0017,4.1832,0.25,0,Galvanostatic,Gamry_1
25925825,7,1089996.408,33,61,6,20,31.8878,0.0166,-5.2451,0.0166,-0.0015,4.1832,0.25,0,Galvanostatic,Gamry_1
25925825,7,1089996.408,33,61,6,21,42.6136,0.0164,-4.9199,0.0164,-0.0014,4.1832,0.25,0,Galvanostatic,Gamry_1
25925825,7,1089996.408,33,61,6,22,54.5058,0.0161,-4.4690,0.0161,-0.0013,4.1832,0.25,0,Galvanostatic,Gamry_1
25925825,7,1089996.408,33,61,6,23,74.4048,0.0160,-4.3044,0.0160,-0.0012,4.1832,0.25,0,Galvanostatic,Gamry_1
25925825,7,1089996.408,33,61,6,24,99.7340,0.0158,-4.1442,0.0157,-0.0011,4.1832,0.25,0,Galvanostatic,Gamry_1
25925825,7,1089996.408,33,61,6,25,133.9286,0.0156,-3.7498,0.0155,-0.0010,4.1832,0.25,0,Galvanostatic,Gamry_1
25925825,7,1089996.408,33,61,6,26,178.0063,0.0154,-3.5866,0.0153,-0.0010,4.1832,0.25,0,Galvanostatic,Gamry_1
25925825,7,1089996.408,33,61,6,27,238.3475,0.0152,-3.3228,0.0152,-0.0009,4.1832,0.25,0,Galvanostatic,Gamry_1
25925825,7,1089996.408,33,61,6,28,319.6023,0.0150,-2.9921,0.0150,-0.0008,4.1832,0.25,0,Galvanostatic,Gamry_1
25925825,7,1089996.408,33,61,6,29,418.5268,0.0149,-2.7596,0.0149,-0.0007,4.1832,0.25,0,Galvanostatic,Gamry_1
25925825,7,1089996.408,33,61,6,30,558.0357,0.0148,-2.3688,0.0147,-0.0006,4.1832,0.25,0,Galvanostatic,Gamry_1
25925825,7,1089996.408,33,61,6,31,745.7386,0.0146,-2.0143,0.0146,-0.0005,4.1832,0.25,0,Galvanostatic,Gamry_1
25925825,7,1089996.408,33,61,6,32,1004.4640,0.0144,-1.5253,0.0144,-0.0004,4.1832,0.25,0,Galvanostatic,Gamry_1
25925825,7,1089996.408,33,61,6,33,1324.7280,0.0143,-0.8926,0.0143,-0.0002,4.1832,0.25,0,Galvanostatic,Gamry_1
25925825,7,1089996.408,33,61,6,34,1770.8330,0.0142,-0.0683,0.0142,0.0000,4.1832,0.25,0,Galvanostatic,Gamry_1
25925825,7,1089996.408,33,61,6,35,2343.7500,0.0141,0.9927,0.0141,0.0002,4.1832,0.25,0,Galvanostatic,Gamry_1
25925825,7,1089996.408,33,61,6,36,3164.0630,0.0140,2.3788,0.0140,0.0006,4.1832,0.25,0,Galvanostatic,Gamry_1
25925825,7,1089996.408,33,61,6,37,4230.1830,0.0140,4.0285,0.0140,0.0010,4.1832,0.25,0,Galvanostatic,Gamry_1
25925825,7,1089996.408,33,61,6,38,5602.1340,0.0141,5.9492,0.0140,0.0015,4.1832,0.25,0,Galvanostatic,Gamry_1
25925825,7,1089996.408,33,61,6,39,7431.4020,0.0142,8.2451,0.0141,0.0020,4.1832,0.25,0,Galvanostatic,Gamry_1
25925825,7,1236637.0974,33,71,7,0,0.1001,0.0256,-6.9465,0.0254,-0.0031,4.1831,0.25,0,Galvanostatic,Gamry_1
25925825,7,1236637.0974,33,71,7,1,0.1335,0.0252,-6.1731,0.0251,-0.0027,4.1831,0.25,0,Galvanostatic,Gamry_1
25925825,7,1236637.0974,33,71,7,2,0.1781,0.0249,-5.6197,0.0248,-0.0024,4.1831,0.25,0,Galvanostatic,Gamry_1
25925825,7,1236637.0974,33,71,7,3,0.2372,0.0246,-5.1151,0.0245,-0.0022,4.1831,0.25,0,Galvanostatic,Gamry_1
25925825,7,1236637.0974,33,71,7,4,0.3167,0.0243,-4.9551,0.0243,-0.0021,4.1831,0.25,0,Galvanostatic,Gamry_1
25925825,7,1236637.0974,33,71,7,5,0.4231,0.0241,-4.8837,0.0240,-0.0021,4.1831,0.25,0,Galvanostatic,Gamry_1
25925825,7,1236637.0974,33,71,7,6,0.5634,0.0238,-5.1354,0.0237,-0.0021,4.1831,0.25,0,Galvanostatic,Gamry_1
25925825,7,1236637.0974,33,71,7,7,0.7512,0.0236,-5.4567,0.0235,-0.0022,4.1831,0.25,0,Galvanostatic,Gamry_1
25925825,7,1236637.0974,33,71,7,8,1.0016,0.0232,-5.8946,0.0231,-0.0024,4.1831,0.25,0,Galvanostatic,Gamry_1
25925825,7,1236637.0974,33,71,7,9,1.3470,0.0229,-6.8021,0.0227,-0.0027,4.1831,0.25,0,Galvanostatic,Gamry_1
25925825,7,1236637.0974,33,71,7,10,1.7589,0.0224,-7.5248,0.0222,-0.0029,4.1831,0.25,0,Galvanostatic,Gamry_1
25925825,7,1236637.0974,33,71,7,11,2.3916,0.0217,-8.4052,0.0215,-0.0032,4.1831,0.25,0,Galvanostatic,Gamry_1
25925825,7,1236637.0974,33,71,7,12,3.1672,0.0210,-9.1438,0.0207,-0.0033,4.1831,0.25,0,Galvanostatic,Gamry_1
25925825,7,1236637.0974,33,71,7,13,4.2344,0.0202,-9.5601,0.0199,-0.0033,4.1831,0.25,0,Galvanostatic,Gamry_1
25925825,7,1236637.0974,33,71,7,14,5.5804,0.0194,-9.5461,0.0191,-0.0032,4.1831,0.25,0,Galvanostatic,Gamry_1
25925825,7,1236637.0974,33,71,7,15,7.4405,0.0186,-9.0857,0.0184,-0.0029,4.1831,0.25,0,Galvanostatic,Gamry_1
25925825,7,1236637.0974,33,71,7,16,9.9102,0.0180,-8.3006,0.0178,-0.0026,4.1831,0.25,0,Galvanostatic,Gamry_1
25925825,7,1236637.0974,33,71,7,17,13.3168,0.0176,-7.4004,0.0174,-0.0023,4.1831,0.25,0,Galvanostatic,Gamry_1
25925825,7,1236637.0974,33,71,7,18,17.7557,0.0172,-6.5637,0.0171,-0.0020,4.1831,0.25,0,Galvanostatic,Gamry_1
25925825,7,1236637.0974,33,71,7,19,23.9158,0.0169,-5.8461,0.0168,-0.0017,4.1831,0.25,0,Galvanostatic,Gamry_1
25925825,7,1236637.0974,33,71,7,20,31.8878,0.0166,-5.2854,0.0166,-0.0015,4.1831,0.25,0,Galvanostatic,Gamry_1
25925825,7,1236637.0974,33,71,7,21,42.6136,0.0164,-4.7723,0.0164,-0.0014,4.1831,0.25,0,Galvanostatic,Gamry_1
25925825,7,1236637.0974,33,71,7,22,54.5058,0.0162,-4.4335,0.0161,-0.0013,4.1831,0.25,0,Galvanostatic,Gamry_1
25925825,7,1236637.0974,33,71,7,23,74.4048,0.0160,-4.2849,0.0159,-0.0012,4.1831,0.25,0,Galvanostatic,Gamry_1
25925825,7,1236637.0974,33,71,7,24,99.7340,0.0158,-4.0546,0.0157,-0.0011,4.1831,0.25,0,Galvanostatic,Gamry_1
25925825,7,1236637.0974,33,71,7,25,133.9286,0.0156,-3.7128,0.0156,-0.0010,4.1831,0.25,0,Galvanostatic,Gamry_1
25925825,7,1236637.0974,33,71,7,26,178.0063,0.0154,-3.5212,0.0154,-0.0009,4.1831,0.25,0,Galvanostatic,Gamry_1
25925825,7,1236637.0974,33,71,7,27,238.3475,0.0152,-3.3166,0.0152,-0.0009,4.1831,0.25,0,Galvanostatic,Gamry_1
25925825,7,1236637.0974,33,71,7,28,319.6023,0.0151,-3.0404,0.0150,-0.0008,4.1831,0.25,0,Galvanostatic,Gamry_1
25925825,7,1236637.0974,33,71,7,29,418.5268,0.0149,-2.7776,0.0149,-0.0007,4.1831,0.25,0,Galvanostatic,Gamry_1
25925825,7,1236637.0974,33,71,7,30,558.0357,0.0148,-2.3556,0.0147,-0.0006,4.1831,0.25,0,Galvanostatic,Gamry_1
25925825,7,1236637.0974,33,71,7,31,745.7386,0.0146,-2.0319,0.0146,-0.0005,4.1831,0.25,0,Galvanostatic,Gamry_1
25925825,7,1236637.0974,33,71,7,32,1004.4640,0.0144,-1.5251,0.0144,-0.0004,4.1831,0.25,0,Galvanostatic,Gamry_1
25925825,7,1236637.0974,33,71,7,33,1324.7280,0.0143,-0.8954,0.0143,-0.0002,4.1831,0.25,0,Galvanostatic,Gamry_1
25925825,7,1236637.0974,33,71,7,34,1770.8330,0.0142,-0.0366,0.0142,0.0000,4.1831,0.25,0,Galvanostatic,Gamry_1
25925825,7,1236637.0974,33,71,7,35,2343.7500,0.0141,0.9894,0.0141,0.0002,4.1831,0.25,0,Galvanostatic,Gamry_1
25925825,7,1236637.0974,33,71,7,36,3164.0630,0.0141,2.3882,0.0140,0.0006,4.1831,0.25,0,Galvanostatic,Gamry_1
25925825,7,1236637.0974,33,71,7,37,4230.1830,0.0141,4.0158,0.0140,0.0010,4.1831,0.25,0,Galvanostatic,Gamry_1
25925825,7,1236637.0974,33,71,7,38,5602.1340,0.0141,5.9264,0.0140,0.0015,4.1831,0.25,0,Galvanostatic,Gamry_1
25925825,7,1236637.0974,33,71,7,39,7431.4020,0.0142,8.2070,0.0141,0.0020,4.1831,0.25,0,Galvanostatic,Gamry_1
25925825,7,1383253.9957,33,81,8,0,0.1001,0.0259,-6.9218,0.0257,-0.0031,4.1828,0.25,0,Galvanostatic,Gamry_1
25925825,7,1383253.9957,33,81,8,1,0.1335,0.0256,-6.1480,0.0254,-0.0027,4.1828,0.25,0,Galvanostatic,Gamry_1
25925825,7,1383253.9957,33,81,8,2,0.1781,0.0252,-5.6390,0.0251,-0.0025,4.1828,0.25,0,Galvanostatic,Gamry_1
25925825,7,1383253.9957,33,81,8,3,0.2372,0.0249,-5.2364,0.0248,-0.0023,4.1828,0.25,0,Galvanostatic,Gamry_1
25925825,7,1383253.9957,33,81,8,4,0.3167,0.0247,-5.0651,0.0246,-0.0022,4.1828,0.25,0,Galvanostatic,Gamry_1
25925825,7,1383253.9957,33,81,8,5,0.4231,0.0244,-5.0729,0.0243,-0.0022,4.1828,0.25,0,Galvanostatic,Gamry_1
25925825,7,1383253.9957,33,81,8,6,0.5634,0.0241,-5.2895,0.0240,-0.0022,4.1828,0.25,0,Galvanostatic,Gamry_1
25925825,7,1383253.9957,33,81,8,7,0.7512,0.0239,-5.6603,0.0238,-0.0024,4.1828,0.25,0,Galvanostatic,Gamry_1
25925825,7,1383253.9957,33,81,8,8,1.0016,0.0235,-6.1610,0.0234,-0.0025,4.1828,0.25,0,Galvanostatic,Gamry_1
25925825,7,1383253.9957,33,81,8,9,1.3470,0.0231,-7.1148,0.0229,-0.0029,4.1828,0.25,0,Galvanostatic,Gamry_1
25925825,7,1383253.9957,33,81,8,10,1.7589,0.0226,-7.9104,0.0224,-0.0031,4.1828,0.25,0,Galvanostatic,Gamry_1
25925825,7,1383253.9957,33,81,8,11,2.3916,0.0219,-8.9257,0.0216,-0.0034,4.1828,0.25,0,Galvanostatic,Gamry_1
25925825,7,1383253.9957,33,81,8,12,3.1672,0.0211,-9.6062,0.0208,-0.0035,4.1828,0.25,0,Galvanostatic,Gamry_1
25925825,7,1383253.9957,33,81,8,13,4.2344,0.0202,-9.9358,0.0199,-0.0035,4.1828,0.25,0,Galvanostatic,Gamry_1
25925825,7,1383253.9957,33,81,8,14,5.5804,0.0194,-9.8425,0.0191,-0.0033,4.1828,0.25,0,Galvanostatic,Gamry_1
25925825,7,1383253.9957,33,81,8,15,7.4405,0.0186,-9.3453,0.0184,-0.0030,4.1828,0.25,0,Galvanostatic,Gamry_1
25925825,7,1383253.9957,33,81,8,16,9.9102,0.0180,-8.4045,0.0178,-0.0026,4.1828,0.25,0,Galvanostatic,Gamry_1
25925825,7,1383253.9957,33,81,8,17,13.3168,0.0176,-7.4497,0.0174,-0.0023,4.1828,0.25,0,Galvanostatic,Gamry_1
25925825,7,1383253.9957,33,81,8,18,17.7557,0.0172,-6.6039,0.0171,-0.0020,4.1828,0.25,0,Galvanostatic,Gamry_1
25925825,7,1383253.9957,33,81,8,19,23.9158,0.0169,-5.8486,0.0168,-0.0017,4.1828,0.25,0,Galvanostatic,Gamry_1
25925825,7,1383253.9957,33,81,8,20,31.8878,0.0167,-5.3172,0.0166,-0.0015,4.1828,0.25,0,Galvanostatic,Gamry_1
25925825,7,1383253.9957,33,81,8,21,42.6136,0.0164,-4.9342,0.0164,-0.0014,4.1828,0.25,0,Galvanostatic,Gamry_1
25925825,7,1383253.9957,33,81,8,22,54.5058,0.0162,-4.6493,0.0161,-0.0013,4.1828,0.25,0,Galvanostatic,Gamry_1
25925825,7,1383253.9957,33,81,8,23,74.4048,0.0160,-4.3401,0.0160,-0.0012,4.1828,0.25,0,Galvanostatic,Gamry_1
25925825,7,1383253.9957,33,81,8,24,99.7340,0.0158,-4.0477,0.0157,-0.0011,4.1828,0.25,0,Galvanostatic,Gamry_1
25925825,7,1383253.9957,33,81,8,25,133.9286,0.0156,-3.7702,0.0156,-0.0010,4.1828,0.25,0,Galvanostatic,Gamry_1
25925825,7,1383253.9957,33,81,8,26,178.0063,0.0154,-3.5541,0.0154,-0.0010,4.1828,0.25,0,Galvanostatic,Gamry_1
25925825,7,1383253.9957,33,81,8,27,238.3475,0.0152,-3.3051,0.0152,-0.0009,4.1828,0.25,0,Galvanostatic,Gamry_1
25925825,7,1383253.9957,33,81,8,28,319.6023,0.0151,-3.0460,0.0151,-0.0008,4.1828,0.25,0,Galvanostatic,Gamry_1
25925825,7,1383253.9957,33,81,8,29,418.5268,0.0149,-2.7721,0.0149,-0.0007,4.1828,0.25,0,Galvanostatic,Gamry_1
25925825,7,1383253.9957,33,81,8,30,558.0357,0.0148,-2.3840,0.0148,-0.0006,4.1828,0.25,0,Galvanostatic,Gamry_1
25925825,7,1383253.9957,33,81,8,31,745.7386,0.0146,-2.0446,0.0146,-0.0005,4.1828,0.25,0,Galvanostatic,Gamry_1
25925825,7,1383253.9957,33,81,8,32,1004.4640,0.0145,-1.5300,0.0145,-0.0004,4.1828,0.25,0,Galvanostatic,Gamry_1
25925825,7,1383253.9957,33,81,8,33,1324.7280,0.0143,-0.9067,0.0143,-0.0002,4.1828,0.25,0,Galvanostatic,Gamry_1
25925825,7,1383253.9957,33,81,8,34,1770.8330,0.0142,-0.0520,0.0142,0.0000,4.1828,0.25,0,Galvanostatic,Gamry_1
25925825,7,1383253.9957,33,81,8,35,2343.7500,0.0141,0.9684,0.0141,0.0002,4.1828,0.25,0,Galvanostatic,Gamry_1
25925825,7,1383253.9957,33,81,8,36,3164.0630,0.0141,2.3753,0.0141,0.0006,4.1828,0.25,0,Galvanostatic,Gamry_1
25925825,7,1383253.9957,33,81,8,37,4230.1830,0.0141,4.0104,0.0141,0.0010,4.1828,0.25,0,Galvanostatic,Gamry_1
25925825,7,1383253.9957,33,81,8,38,5602.1340,0.0141,5.9157,0.0141,0.0015,4.1828,0.25,0,Galvanostatic,Gamry_1
25925825,7,1383253.9957,33,81,8,39,7431.4020,0.0143,8.2117,0.0141,0.0020,4.1828,0.25,0,Galvanostatic,Gamry_1
25925825,7,1718516.3282,33,91,9,0,0.1001,0.0263,-6.8597,0.0261,-0.0031,4.1829,0.25,0,Galvanostatic,Gamry_1
25925825,7,1718516.3282,33,91,9,1,0.1335,0.0259,-6.1600,0.0258,-0.0028,4.1829,0.25,0,Galvanostatic,Gamry_1
25925825,7,1718516.3282,33,91,9,2,0.1781,0.0256,-5.6061,0.0255,-0.0025,4.1829,0.25,0,Galvanostatic,Gamry_1
25925825,7,1718516.3282,33,91,9,3,0.2372,0.0253,-5.2988,0.0252,-0.0023,4.1829,0.25,0,Galvanostatic,Gamry_1
25925825,7,1718516.3282,33,91,9,4,0.3167,0.0250,-5.1612,0.0249,-0.0023,4.1829,0.25,0,Galvanostatic,Gamry_1
25925825,7,1718516.3282,33,91,9,5,0.4231,0.0248,-5.1616,0.0247,-0.0022,4.1829,0.25,0,Galvanostatic,Gamry_1
25925825,7,1718516.3282,33,91,9,6,0.5634,0.0245,-5.4046,0.0244,-0.0023,4.1829,0.25,0,Galvanostatic,Gamry_1
25925825,7,1718516.3282,33,91,9,7,0.7512,0.0242,-5.9948,0.0241,-0.0025,4.1829,0.25,0,Galvanostatic,Gamry_1
25925825,7,1718516.3282,33,91,9,8,1.0016,0.0239,-6.6348,0.0237,-0.0028,4.1829,0.25,0,Galvanostatic,Gamry_1
25925825,7,1718516.3282,33,91,9,9,1.3470,0.0234,-7.4960,0.0232,-0.0030,4.1829,0.25,0,Galvanostatic,Gamry_1
25925825,7,1718516.3282,33,91,9,10,1.7589,0.0228,-8.3710,0.0226,-0.0033,4.1829,0.25,0,Galvanostatic,Gamry_1
25925825,7,1718516.3282,33,91,9,11,2.3916,0.0220,-9.2985,0.0217,-0.0036,4.1829,0.25,0,Galvanostatic,Gamry_1
25925825,7,1718516.3282,33,91,9,12,3.1672,0.0211,-10.1052,0.0208,-0.0037,4.1829,0.25,0,Galvanostatic,Gamry_1
25925825,7,1718516.3282,33,91,9,13,4.2344,0.0203,-10.3552,0.0199,-0.0036,4.1829,0.25,0,Galvanostatic,Gamry_1
25925825,7,1718516.3282,33,91,9,14,5.5804,0.0194,-10.1196,0.0191,-0.0034,4.1829,0.25,0,Galvanostatic,Gamry_1
25925825,7,1718516.3282,33,91,9,15,7.4405,0.0186,-9.4393,0.0184,-0.0031,4.1829,0.25,0,Galvanostatic,Gamry_1
25925825,7,1718516.3282,33,91,9,16,9.9102,0.0180,-8.5314,0.0178,-0.0027,4.1829,0.25,0,Galvanostatic,Gamry_1
25925825,7,1718516.3282,33,91,9,17,13.3168,0.0176,-7.4724,0.0174,-0.0023,4.1829,0.25,0,Galvanostatic,Gamry_1
25925825,7,1718516.3282,33,91,9,18,17.7557,0.0172,-6.5961,0.0171,-0.0020,4.1829,0.25,0,Galvanostatic,Gamry_1
25925825,7,1718516.3282,33,91,9,19,23.9158,0.0169,-5.8409,0.0168,-0.0017,4.1829,0.25,0,Galvanostatic,Gamry_1
25925825,7,1718516.3282,33,91,9,20,31.8878,0.0167,-5.2687,0.0166,-0.0015,4.1829,0.25,0,Galvanostatic,Gamry_1
25925825,7,1718516.3282,33,91,9,21,42.6136,0.0165,-4.8834,0.0164,-0.0014,4.1829,0.25,0,Galvanostatic,Gamry_1
25925825,7,1718516.3282,33,91,9,22,54.5058,0.0163,-4.9212,0.0162,-0.0014,4.1829,0.25,0,Galvanostatic,Gamry_1
25925825,7,1718516.3282,33,91,9,23,74.4048,0.0161,-4.3402,0.0160,-0.0012,4.1829,0.25,0,Galvanostatic,Gamry_1
25925825,7,1718516.3282,33,91,9,24,99.7340,0.0158,-4.0361,0.0158,-0.0011,4.1829,0.25,0,Galvanostatic,Gamry_1
25925825,7,1718516.3282,33,91,9,25,133.9286,0.0157,-3.7277,0.0156,-0.0010,4.1829,0.25,0,Galvanostatic,Gamry_1
25925825,7,1718516.3282,33,91,9,26,178.0063,0.0154,-3.5048,0.0154,-0.0009,4.1829,0.25,0,Galvanostatic,Gamry_1
25925825,7,1718516.3282,33,91,9,27,238.3475,0.0153,-3.2408,0.0153,-0.0009,4.1829,0.25,0,Galvanostatic,Gamry_1
25925825,7,1718516.3282,33,91,9,28,319.6023,0.0151,-3.0051,0.0151,-0.0008,4.1829,0.25,0,Galvanostatic,Gamry_1
25925825,7,1718516.3282,33,91,9,29,418.5268,0.0150,-2.7706,0.0149,-0.0007,4.1829,0.25,0,Galvanostatic,Gamry_1
25925825,7,1718516.3282,33,91,9,30,558.0357,0.0148,-2.3469,0.0148,-0.0006,4.1829,0.25,0,Galvanostatic,Gamry_1
25925825,7,1718516.3282,33,91,9,31,745.7386,0.0147,-2.0183,0.0147,-0.0005,4.1829,0.25,0,Galvanostatic,Gamry_1
25925825,7,1718516.3282,33,91,9,32,1004.4640,0.0145,-1.5064,0.0145,-0.0004,4.1829,0.25,0,Galvanostatic,Gamry_1
25925825,7,1718516.3282,33,91,9,33,1324.7280,0.0144,-0.8724,0.0144,-0.0002,4.1829,0.25,0,Galvanostatic,Gamry_1
25925825,7,1718516.3282,33,91,9,34,1770.8330,0.0143,-0.0290,0.0143,0.0000,4.1829,0.25,0,Galvanostatic,Gamry_1
25925825,7,1718516.3282,33,91,9,35,2343.7500,0.0142,1.0077,0.0142,0.0002,4.1829,0.25,0,Galvanostatic,Gamry_1
25925825,7,1718516.3282,33,91,9,36,3164.0630,0.0141,2.3814,0.0141,0.0006,4.1829,0.25,0,Galvanostatic,Gamry_1
25925825,7,1718516.3282,33,91,9,37,4230.1830,0.0141,4.0085,0.0141,0.0010,4.1829,0.25,0,Galvanostatic,Gamry_1
25925825,7,1718516.3282,33,91,9,38,5602.1340,0.0142,5.9036,0.0141,0.0015,4.1829,0.25,0,Galvanostatic,Gamry_1
25925825,7,1718516.3282,33,91,9,39,7431.4020,0.0143,8.1891,0.0142,0.0020,4.1829,0.25,0,Galvanostatic,Gamry_1
25925825,7,1864480.9131,33,101,10,0,0.1001,0.0267,-6.8361,0.0265,-0.0032,4.1829,0.25,0,Galvanostatic,Gamry_1
25925825,7,1864480.9131,33,101,10,1,0.1335,0.0263,-6.0928,0.0261,-0.0028,4.1829,0.25,0,Galvanostatic,Gamry_1
25925825,7,1864480.9131,33,101,10,2,0.1781,0.0259,-5.6364,0.0258,-0.0025,4.1829,0.25,0,Galvanostatic,Gamry_1
25925825,7,1864480.9131,33,101,10,3,0.2372,0.0256,-5.2651,0.0255,-0.0024,4.1829,0.25,0,Galvanostatic,Gamry_1
25925825,7,1864480.9131,33,101,10,4,0.3167,0.0254,-5.1786,0.0253,-0.0023,4.1829,0.25,0,Galvanostatic,Gamry_1
25925825,7,1864480.9131,33,101,10,5,0.4231,0.0251,-5.2922,0.0250,-0.0023,4.1829,0.25,0,Galvanostatic,Gamry_1
25925825,7,1864480.9131,33,101,10,6,0.5634,0.0248,-5.6024,0.0247,-0.0024,4.1829,0.25,0,Galvanostatic,Gamry_1
25925825,7,1864480.9131,33,101,10,7,0.7512,0.0245,-6.1290,0.0243,-0.0026,4.1829,0.25,0,Galvanostatic,Gamry_1
25925825,7,1864480.9131,33,101,10,8,1.0016,0.0241,-6.9202,0.0239,-0.0029,4.1829,0.25,0,Galvanostatic,Gamry_1
25925825,7,1864480.9131,33,101,10,9,1.3470,0.0236,-7.9035,0.0233,-0.0032,4.1829,0.25,0,Galvanostatic,Gamry_1
25925825,7,1864480.9131,33,101,10,10,1.7589,0.0230,-8.7571,0.0227,-0.0035,4.1829,0.25,0,Galvanostatic,Gamry_1
25925825,7,1864480.9131,33,101,10,11,2.3916,0.0221,-9.7514,0.0218,-0.0038,4.1829,0.25,0,Galvanostatic,Gamry_1
25925825,7,1864480.9131,33,101,10,12,3.1672,0.0212,-10.4477,0.0209,-0.0039,4.1829,0.25,0,Galvanostatic,Gamry_1
25925825,7,1864480.9131,33,101,10,13,4.2344,0.0203,-10.6478,0.0199,-0.0037,4.1829,0.25,0,Galvanostatic,Gamry_1
25925825,7,1864480.9131,33,101,10,14,5.5804,0.0194,-10.3331,0.0191,-0.0035,4.1829,0.25,0,Galvanostatic,Gamry_1
25925825,7,1864480.9131,33,101,10,15,7.4405,0.0187,-9.5657,0.0184,-0.0031,4.1829,0.25,0,Galvanostatic,Gamry_1
25925825,7,1864480.9131,33,101,10,16,9.9102,0.0180,-8.5816,0.0178,-0.0027,4.1829,0.25,0,Galvanostatic,Gamry_1
25925825,7,1864480.9131,33,101,10,17,13.3168,0.0176,-7.5133,0.0174,-0.0023,4.1829,0.25,0,Galvanostatic,Gamry_1
25925825,7,1864480.9131,33,101,10,18,17.7557,0.0172,-6.6245,0.0171,-0.0020,4.1829,0.25,0,Galvanostatic,Gamry_1
25925825,7,1864480.9131,33,101,10,19,23.9158,0.0169,-5.8383,0.0169,-0.0017,4.1829,0.25,0,Galvanostatic,Gamry_1
25925825,7,1864480.9131,33,101,10,20,31.8878,0.0167,-5.2879,0.0166,-0.0015,4.1829,0.25,0,Galvanostatic,Gamry_1
25925825,7,1864480.9131,33,101,10,21,42.6136,0.0165,-4.8450,0.0164,-0.0014,4.1829,0.25,0,Galvanostatic,Gamry_1
25925825,7,1864480.9131,33,101,10,22,54.5058,0.0162,-4.3704,0.0162,-0.0012,4.1829,0.25,0,Galvanostatic,Gamry_1
25925825,7,1864480.9131,33,101,10,23,74.4048,0.0161,-4.2365,0.0160,-0.0012,4.1829,0.25,0,Galvanostatic,Gamry_1
25925825,7,1864480.9131,33,101,10,24,99.7340,0.0158,-4.0279,0.0158,-0.0011,4.1829,0.25,0,Galvanostatic,Gamry_1
25925825,7,1864480.9131,33,101,10,25,133.9286,0.0156,-3.7223,0.0156,-0.0010,4.1829,0.25,0,Galvanostatic,Gamry_1
25925825,7,1864480.9131,33,101,10,26,178.0063,0.0155,-3.4864,0.0154,-0.0009,4.1829,0.25,0,Galvanostatic,Gamry_1
25925825,7,1864480.9131,33,101,10,27,238.3475,0.0153,-3.3092,0.0153,-0.0009,4.1829,0.25,0,Galvanostatic,Gamry_1
25925825,7,1864480.9131,33,101,10,28,319.6023,0.0151,-3.0015,0.0151,-0.0008,4.1829,0.25,0,Galvanostatic,Gamry_1
25925825,7,1864480.9131,33,101,10,29,418.5268,0.0150,-2.7195,0.0150,-0.0007,4.1829,0.25,0,Galvanostatic,Gamry_1
25925825,7,1864480.9131,33,101,10,30,558.0357,0.0148,-2.3395,0.0148,-0.0006,4.1829,0.25,0,Galvanostatic,Gamry_1
25925825,7,1864480.9131,33,101,10,31,745.7386,0.0147,-1.9936,0.0147,-0.0005,4.1829,0.25,0,Galvanostatic,Gamry_1
25925825,7,1864480.9131,33,101,10,32,1004.4640,0.0145,-1.5101,0.0145,-0.0004,4.1829,0.25,0,Galvanostatic,Gamry_1
25925825,7,1864480.9131,33,101,10,33,1324.7280,0.0144,-0.8854,0.0144,-0.0002,4.1829,0.25,0,Galvanostatic,Gamry_1
25925825,7,1864480.9131,33,101,10,34,1770.8330,0.0143,-0.0244,0.0143,0.0000,4.1829,0.25,0,Galvanostatic,Gamry_1
25925825,7,1864480.9131,33,101,10,35,2343.7500,0.0142,1.0276,0.0142,0.0003,4.1829,0.25,0,Galvanostatic,Gamry_1
25925825,7,1864480.9131,33,101,10,36,3164.0630,0.0141,2.3919,0.0141,0.0006,4.1829,0.25,0,Galvanostatic,Gamry_1
25925825,7,1864480.9131,33,101,10,37,4230.1830,0.0141,3.9968,0.0141,0.0010,4.1829,0.25,0,Galvanostatic,Gamry_1
25925825,7,1864480.9131,33,101,10,38,5602.1340,0.0142,5.8807,0.0141,0.0015,4.1829,0.25,0,Galvanostatic,Gamry_1
25925825,7,1864480.9131,33,101,10,39,7431.4020,0.0143,8.1494,0.0142,0.0020,4.1829,0.25,0,Galvanostatic,Gamry_1
25925825,7,2010137.355,33,111,11,0,0.1001,0.0270,-6.8161,0.0268,-0.0032,4.1828,0.25,0,Galvanostatic,Gamry_1
25925825,7,2010137.355,33,111,11,1,0.1335,0.0266,-6.1281,0.0265,-0.0028,4.1828,0.25,0,Galvanostatic,Gamry_1
25925825,7,2010137.355,33,111,11,2,0.1781,0.0262,-5.6171,0.0261,-0.0026,4.1828,0.25,0,Galvanostatic,Gamry_1
25925825,7,2010137.355,33,111,11,3,0.2372,0.0259,-5.3767,0.0258,-0.0024,4.1828,0.25,0,Galvanostatic,Gamry_1
25925825,7,2010137.355,33,111,11,4,0.3167,0.0257,-5.3204,0.0256,-0.0024,4.1828,0.25,0,Galvanostatic,Gamry_1
25925825,7,2010137.355,33,111,11,5,0.4231,0.0254,-5.4066,0.0253,-0.0024,4.1828,0.25,0,Galvanostatic,Gamry_1
25925825,7,2010137.355,33,111,11,6,0.5634,0.0251,-5.8476,0.0250,-0.0026,4.1828,0.25,0,Galvanostatic,Gamry_1
25925825,7,2010137.355,33,111,11,7,0.7512,0.0248,-6.4321,0.0246,-0.0028,4.1828,0.25,0,Galvanostatic,Gamry_1
25925825,7,2010137.355,33,111,11,8,1.0016,0.0243,-7.1142,0.0241,-0.0030,4.1828,0.25,0,Galvanostatic,Gamry_1
25925825,7,2010137.355,33,111,11,9,1.3470,0.0238,-8.1653,0.0236,-0.0034,4.1828,0.25,0,Galvanostatic,Gamry_1
25925825,7,2010137.355,33,111,11,10,1.7589,0.0231,-9.1462,0.0228,-0.0037,4.1828,0.25,0,Galvanostatic,Gamry_1
25925825,7,2010137.355,33,111,11,11,2.3916,0.0223,-10.1655,0.0219,-0.0039,4.1828,0.25,0,Galvanostatic,Gamry_1
25925825,7,2010137.355,33,111,11,12,3.1672,0.0213,-10.7576,0.0209,-0.0040,4.1828,0.25,0,Galvanostatic,Gamry_1
25925825,7,2010137.355,33,111,11,13,4.2344,0.0203,-10.8954,0.0200,-0.0038,4.1828,0.25,0,Galvanostatic,Gamry_1
25925825,7,2010137.355,33,111,11,14,5.5804,0.0194,-10.5111,0.0191,-0.0035,4.1828,0.25,0,Galvanostatic,Gamry_1
25925825,7,2010137.355,33,111,11,15,7.4405,0.0187,-9.6773,0.0184,-0.0031,4.1828,0.25,0,Galvanostatic,Gamry_1
25925825,7,2010137.355,33,111,11,16,9.9102,0.0181,-8.6425,0.0179,-0.0027,4.1828,0.25,0,Galvanostatic,Gamry_1
25925825,7,2010137.355,33,111,11,17,13.3168,0.0176,-7.5117,0.0174,-0.0023,4.1828,0.25,0,Galvanostatic,Gamry_1
25925825,7,2010137.355,33,111,11,18,17.7557,0.0172,-6.6268,0.0171,-0.0020,4.1828,0.25,0,Galvanostatic,Gamry_1
25925825,7,2010137.355,33,111,11,19,23.9158,0.0170,-5.8629,0.0169,-0.0017,4.1828,0.25,0,Galvanostatic,Gamry_1
25925825,7,2010137.355,33,111,11,20,31.8878,0.0167,-5.3335,0.0167,-0.0016,4.1828,0.25,0,Galvanostatic,Gamry_1
25925825,7,2010137.355,33,111,11,21,42.6136,0.0165,-4.9307,0.0165,-0.0014,4.1828,0.25,0,Galvanostatic,Gamry_1
25925825,7,2010137.355,33,111,11,22,54.5058,0.0162,-4.7666,0.0162,-0.0014,4.1828,0.25,0,Galvanostatic,Gamry_1
25925825,7,2010137.355,33,111,11,23,74.4048,0.0161,-4.2704,0.0161,-0.0012,4.1828,0.25,0,Galvanostatic,Gamry_1
25925825,7,2010137.355,33,111,11,24,99.7340,0.0159,-4.0866,0.0158,-0.0011,4.1828,0.25,0,Galvanostatic,Gamry_1
25925825,7,2010137.355,33,111,11,25,133.9286,0.0157,-3.6657,0.0157,-0.0010,4.1828,0.25,0,Galvanostatic,Gamry_1
25925825,7,2010137.355,33,111,11,26,178.0063,0.0155,-3.5476,0.0155,-0.0010,4.1828,0.25,0,Galvanostatic,Gamry_1
25925825,7,2010137.355,33,111,11,27,238.3475,0.0153,-3.2514,0.0153,-0.0009,4.1828,0.25,0,Galvanostatic,Gamry_1
25925825,7,2010137.355,33,111,11,28,319.6023,0.0152,-3.0243,0.0151,-0.0008,4.1828,0.25,0,Galvanostatic,Gamry_1
25925825,7,2010137.355,33,111,11,29,418.5268,0.0150,-2.7989,0.0150,-0.0007,4.1828,0.25,0,Galvanostatic,Gamry_1
25925825,7,2010137.355,33,111,11,30,558.0357,0.0149,-2.3721,0.0149,-0.0006,4.1828,0.25,0,Galvanostatic,Gamry_1
25925825,7,2010137.355,33,111,11,31,745.7386,0.0147,-2.0054,0.0147,-0.0005,4.1828,0.25,0,Galvanostatic,Gamry_1
25925825,7,2010137.355,33,111,11,32,1004.4640,0.0146,-1.5002,0.0146,-0.0004,4.1828,0.25,0,Galvanostatic,Gamry_1
25925825,7,2010137.355,33,111,11,33,1324.7280,0.0144,-0.8725,0.0144,-0.0002,4.1828,0.25,0,Galvanostatic,Gamry_1
25925825,7,2010137.355,33,111,11,34,1770.8330,0.0143,-0.0248,0.0143,0.0000,4.1828,0.25,0,Galvanostatic,Gamry_1
25925825,7,2010137.355,33,111,11,35,2343.7500,0.0142,1.0074,0.0142,0.0003,4.1828,0.25,0,Galvanostatic,Gamry_1
25925825,7,2010137.355,33,111,11,36,3164.0630,0.0142,2.3852,0.0142,0.0006,4.1828,0.25,0,Galvanostatic,Gamry_1
25925825,7,2010137.355,33,111,11,37,4230.1830,0.0142,3.9831,0.0142,0.0010,4.1828,0.25,0,Galvanostatic,Gamry_1
25925825,7,2010137.355,33,111,11,38,5602.1340,0.0142,5.8736,0.0142,0.0015,4.1828,0.25,0,Galvanostatic,Gamry_1
25925825,7,2010137.355,33,111,11,39,7431.4020,0.0144,8.1359,0.0142,0.0020,4.1828,0.25,0,Galvanostatic,Gamry_1
25925825,7,2155618.21,33,121,12,0,0.1001,0.0273,-6.7883,0.0271,-0.0032,4.1829,0.25,0,Galvanostatic,Gamry_1
25925825,7,2155618.21,33,121,12,1,0.1335,0.0269,-6.1323,0.0267,-0.0029,4.1829,0.25,0,Galvanostatic,Gamry_1
25925825,7,2155618.21,33,121,12,2,0.1781,0.0265,-5.6928,0.0264,-0.0026,4.1829,0.25,0,Galvanostatic,Gamry_1
25925825,7,2155618.21,33,121,12,3,0.2372,0.0262,-5.4229,0.0261,-0.0025,4.1829,0.25,0,Galvanostatic,Gamry_1
25925825,7,2155618.21,33,121,12,4,0.3167,0.0259,-5.3520,0.0258,-0.0024,4.1829,0.25,0,Galvanostatic,Gamry_1
25925825,7,2155618.21,33,121,12,5,0.4231,0.0257,-5.5351,0.0256,-0.0025,4.1829,0.25,0,Galvanostatic,Gamry_1
25925825,7,2155618.21,33,121,12,6,0.5634,0.0253,-6.0069,0.0252,-0.0027,4.1829,0.25,0,Galvanostatic,Gamry_1
25925825,7,2155618.21,33,121,12,7,0.7512,0.0250,-6.5781,0.0248,-0.0029,4.1829,0.25,0,Galvanostatic,Gamry_1
25925825,7,2155618.21,33,121,12,8,1.0016,0.0245,-7.4886,0.0243,-0.0032,4.1829,0.25,0,Galvanostatic,Gamry_1
25925825,7,2155618.21,33,121,12,9,1.3470,0.0240,-8.5299,0.0237,-0.0036,4.1829,0.25,0,Galvanostatic,Gamry_1
25925825,7,2155618.21,33,121,12,10,1.7589,0.0233,-9.5236,0.0230,-0.0039,4.1829,0.25,0,Galvanostatic,Gamry_1
25925825,7,2155618.21,33,121,12,11,2.3916,0.0223,-10.4671,0.0219,-0.0041,4.1829,0.25,0,Galvanostatic,Gamry_1
25925825,7,2155618.21,33,121,12,12,3.1672,0.0214,-11.0529,0.0210,-0.0041,4.1829,0.25,0,Galvanostatic,Gamry_1
25925825,7,2155618.21,33,121,12,13,4.2344,0.0204,-11.1426,0.0200,-0.0039,4.1829,0.25,0,Galvanostatic,Gamry_1
25925825,7,2155618.21,33,121,12,14,5.5804,0.0195,-10.6855,0.0191,-0.0036,4.1829,0.25,0,Galvanostatic,Gamry_1
25925825,7,2155618.21,33,121,12,15,7.4405,0.0187,-9.7633,0.0184,-0.0032,4.1829,0.25,0,Galvanostatic,Gamry_1
25925825,7,2155618.21,33,121,12,16,9.9102,0.0181,-8.6872,0.0179,-0.0027,4.1829,0.25,0,Galvanostatic,Gamry_1
25925825,7,2155618.21,33,121,12,17,13.3168,0.0176,-7.5340,0.0175,-0.0023,4.1829,0.25,0,Galvanostatic,Gamry_1
25925825,7,2155618.21,33,121,12,18,17.7557,0.0173,-6.6037,0.0172,-0.0020,4.1829,0.25,0,Galvanostatic,Gamry_1
25925825,7,2155618.21,33,121,12,19,23.9158,0.0170,-5.8197,0.0169,-0.0017,4.1829,0.25,0,Galvanostatic,Gamry_1
25925825,7,2155618.21,33,121,12,20,31.8878,0.0167,-5.3210,0.0167,-0.0016,4.1829,0.25,0,Galvanostatic,Gamry_1
25925825,7,2155618.21,33,121,12,21,42.6136,0.0165,-4.9331,0.0165,-0.0014,4.1829,0.25,0,Galvanostatic,Gamry_1
25925825,7,2155618.21,33,121,12,22,54.5058,0.0163,-4.5737,0.0162,-0.0013,4.1829,0.25,0,Galvanostatic,Gamry_1
25925825,7,2155618.21,33,121,12,23,74.4048,0.0161,-4.2825,0.0161,-0.0012,4.1829,0.25,0,Galvanostatic,Gamry_1
25925825,7,2155618.21,33,121,12,24,99.7340,0.0159,-4.0259,0.0158,-0.0011,4.1829,0.25,0,Galvanostatic,Gamry_1
25925825,7,2155618.21,33,121,12,25,133.9286,0.0157,-3.7699,0.0157,-0.0010,4.1829,0.25,0,Galvanostatic,Gamry_1
25925825,7,2155618.21,33,121,12,26,178.0063,0.0155,-3.5145,0.0155,-0.0010,4.1829,0.25,0,Galvanostatic,Gamry_1
25925825,7,2155618.21,33,121,12,27,238.3475,0.0153,-3.2863,0.0153,-0.0009,4.1829,0.25,0,Galvanostatic,Gamry_1
25925825,7,2155618.21,33,121,12,28,319.6023,0.0152,-3.0085,0.0151,-0.0008,4.1829,0.25,0,Galvanostatic,Gamry_1
25925825,7,2155618.21,33,121,12,29,418.5268,0.0150,-2.7498,0.0150,-0.0007,4.1829,0.25,0,Galvanostatic,Gamry_1
25925825,7,2155618.21,33,121,12,30,558.0357,0.0149,-2.3570,0.0149,-0.0006,4.1829,0.25,0,Galvanostatic,Gamry_1
25925825,7,2155618.21,33,121,12,31,745.7386,0.0147,-2.0053,0.0147,-0.0005,4.1829,0.25,0,Galvanostatic,Gamry_1
25925825,7,2155618.21,33,121,12,32,1004.4640,0.0146,-1.4941,0.0146,-0.0004,4.1829,0.25,0,Galvanostatic,Gamry_1
25925825,7,2155618.21,33,121,12,33,1324.7280,0.0144,-0.8612,0.0144,-0.0002,4.1829,0.25,0,Galvanostatic,Gamry_1
25925825,7,2155618.21,33,121,12,34,1770.8330,0.0143,-0.0250,0.0143,0.0000,4.1829,0.25,0,Galvanostatic,Gamry_1
25925825,7,2155618.21,33,121,12,35,2343.7500,0.0142,1.0057,0.0142,0.0003,4.1829,0.25,0,Galvanostatic,Gamry_1
25925825,7,2155618.21,33,121,12,36,3164.0630,0.0142,2.3758,0.0142,0.0006,4.1829,0.25,0,Galvanostatic,Gamry_1
25925825,7,2155618.21,33,121,12,37,4230.1830,0.0142,3.9794,0.0142,0.0010,4.1829,0.25,0,Galvanostatic,Gamry_1
25925825,7,2155618.21,33,121,12,38,5602.1340,0.0142,5.8668,0.0142,0.0015,4.1829,0.25,0,Galvanostatic,Gamry_1
25925825,7,2155618.21,33,121,12,39,7431.4020,0.0144,8.1197,0.0142,0.0020,4.1829,0.25,0,Galvanostatic,Gamry_1
25925825,7,2487689.2635,33,131,13,0,0.1001,0.0276,-6.7848,0.0274,-0.0033,4.1825,0.25,0,Galvanostatic,Gamry_1
25925825,7,2487689.2635,33,131,13,1,0.1335,0.0272,-6.1450,0.0270,-0.0029,4.1825,0.25,0,Galvanostatic,Gamry_1
25925825,7,2487689.2635,33,131,13,2,0.1781,0.0268,-5.7291,0.0267,-0.0027,4.1825,0.25,0,Galvanostatic,Gamry_1
25925825,7,2487689.2635,33,131,13,3,0.2372,0.0265,-5.4758,0.0264,-0.0025,4.1825,0.25,0,Galvanostatic,Gamry_1
25925825,7,2487689.2635,33,131,13,4,0.3167,0.0262,-5.4599,0.0261,-0.0025,4.1825,0.25,0,Galvanostatic,Gamry_1
25925825,7,2487689.2635,33,131,13,5,0.4231,0.0260,-5.6754,0.0258,-0.0026,4.1825,0.25,0,Galvanostatic,Gamry_1
25925825,7,2487689.2635,33,131,13,6,0.5634,0.0256,-6.0340,0.0255,-0.0027,4.1825,0.25,0,Galvanostatic,Gamry_1
25925825,7,2487689.2635,33,131,13,7,0.7512,0.0253,-6.8646,0.0251,-0.0030,4.1825,0.25,0,Galvanostatic,Gamry_1
25925825,7,2487689.2635,33,131,13,8,1.0016,0.0248,-7.7586,0.0246,-0.0034,4.1825,0.25,0,Galvanostatic,Gamry_1
25925825,7,2487689.2635,33,131,13,9,1.3470,0.0242,-8.9517,0.0239,-0.0038,4.1825,0.25,0,Galvanostatic,Gamry_1
25925825,7,2487689.2635,33,131,13,10,1.7589,0.0235,-9.8575,0.0231,-0.0040,4.1825,0.25,0,Galvanostatic,Gamry_1
25925825,7,2487689.2635,33,131,13,11,2.3916,0.0225,-10.8363,0.0221,-0.0042,4.1825,0.25,0,Galvanostatic,Gamry_1
25925825,7,2487689.2635,33,131,13,12,3.1672,0.0214,-11.4470,0.0210,-0.0042,4.1825,0.25,0,Galvanostatic,Gamry_1
25925825,7,2487689.2635,33,131,13,13,4.2344,0.0204,-11.3749,0.0200,-0.0040,4.1825,0.25,0,Galvanostatic,Gamry_1
25925825,7,2487689.2635,33,131,13,14,5.5804,0.0194,-10.8770,0.0191,-0.0037,4.1825,0.25,0,Galvanostatic,Gamry_1
25925825,7,2487689.2635,33,131,13,15,7.4405,0.0187,-9.8074,0.0184,-0.0032,4.1825,0.25,0,Galvanostatic,Gamry_1
25925825,7,2487689.2635,33,131,13,16,9.9102,0.0181,-8.7148,0.0179,-0.0027,4.1825,0.25,0,Galvanostatic,Gamry_1
25925825,7,2487689.2635,33,131,13,17,13.3168,0.0176,-7.5695,0.0174,-0.0023,4.1825,0.25,0,Galvanostatic,Gamry_1
25925825,7,2487689.2635,33,131,13,18,17.7557,0.0173,-6.6152,0.0172,-0.0020,4.1825,0.25,0,Galvanostatic,Gamry_1
25925825,7,2487689.2635,33,131,13,19,23.9158,0.0170,-5.8339,0.0169,-0.0017,4.1825,0.25,0,Galvanostatic,Gamry_1
25925825,7,2487689.2635,33,131,13,20,31.8878,0.0168,-5.2839,0.0167,-0.0015,4.1825,0.25,0,Galvanostatic,Gamry_1
25925825,7,2487689.2635,33,131,13,21,42.6136,0.0165,-4.9709,0.0165,-0.0014,4.1825,0.25,0,Galvanostatic,Gamry_1
25925825,7,2487689.2635,33,131,13,22,54.5058,0.0163,-4.4949,0.0163,-0.0013,4.1825,0.25,0,Galvanostatic,Gamry_1
25925825,7,2487689.2635,33,131,13,23,74.4048,0.0161,-4.2998,0.0161,-0.0012,4.1825,0.25,0,Galvanostatic,Gamry_1
25925825,7,2487689.2635,33,131,13,24,99.7340,0.0159,-3.9856,0.0159,-0.0011,4.1825,0.25,0,Galvanostatic,Gamry_1
25925825,7,2487689.2635,33,131,13,25,133.9286,0.0157,-3.7365,0.0157,-0.0010,4.1825,0.25,0,Galvanostatic,Gamry_1
25925825,7,2487689.2635,33,131,13,26,178.0063,0.0155,-3.4926,0.0155,-0.0009,4.1825,0.25,0,Galvanostatic,Gamry_1
25925825,7,2487689.2635,33,131,13,27,238.3475,0.0154,-3.3008,0.0153,-0.0009,4.1825,0.25,0,Galvanostatic,Gamry_1
25925825,7,2487689.2635,33,131,13,28,319.6023,0.0152,-3.0249,0.0152,-0.0008,4.1825,0.25,0,Galvanostatic,Gamry_1
25925825,7,2487689.2635,33,131,13,29,418.5268,0.0150,-2.7217,0.0150,-0.0007,4.1825,0.25,0,Galvanostatic,Gamry_1
25925825,7,2487689.2635,33,131,13,30,558.0357,0.0149,-2.3420,0.0149,-0.0006,4.1825,0.25,0,Galvanostatic,Gamry_1
25925825,7,2487689.2635,33,131,13,31,745.7386,0.0147,-2.0072,0.0147,-0.0005,4.1825,0.25,0,Galvanostatic,Gamry_1
25925825,7,2487689.2635,33,131,13,32,1004.4640,0.0146,-1.4868,0.0146,-0.0004,4.1825,0.25,0,Galvanostatic,Gamry_1
25925825,7,2487689.2635,33,131,13,33,1324.7280,0.0145,-0.8725,0.0145,-0.0002,4.1825,0.25,0,Galvanostatic,Gamry_1
25925825,7,2487689.2635,33,131,13,34,1770.8330,0.0144,-0.0279,0.0144,0.0000,4.1825,0.25,0,Galvanostatic,Gamry_1
25925825,7,2487689.2635,33,131,13,35,2343.7500,0.0143,1.0087,0.0143,0.0003,4.1825,0.25,0,Galvanostatic,Gamry_1
25925825,7,2487689.2635,33,131,13,36,3164.0630,0.0142,2.3880,0.0142,0.0006,4.1825,0.25,0,Galvanostatic,Gamry_1
25925825,7,2487689.2635,33,131,13,37,4230.1830,0.0142,3.9803,0.0142,0.0010,4.1825,0.25,0,Galvanostatic,Gamry_1
25925825,7,2487689.2635,33,131,13,38,5602.1340,0.0143,5.8302,0.0142,0.0015,4.1825,0.25,0,Galvanostatic,Gamry_1
25925825,7,2487689.2635,33,131,13,39,7431.4020,0.0144,8.1001,0.0143,0.0020,4.1825,0.25,0,Galvanostatic,Gamry_1
25925825,7,2632393.9489,33,141,14,0,0.1001,0.0279,-6.7871,0.0277,-0.0033,4.1825,0.25,0,Galvanostatic,Gamry_1
25925825,7,2632393.9489,33,141,14,1,0.1335,0.0275,-6.1409,0.0273,-0.0029,4.1825,0.25,0,Galvanostatic,Gamry_1
25925825,7,2632393.9489,33,141,14,2,0.1781,0.0271,-5.7335,0.0270,-0.0027,4.1825,0.25,0,Galvanostatic,Gamry_1
25925825,7,2632393.9489,33,141,14,3,0.2372,0.0268,-5.5154,0.0267,-0.0026,4.1825,0.25,0,Galvanostatic,Gamry_1
25925825,7,2632393.9489,33,141,14,4,0.3167,0.0265,-5.5520,0.0264,-0.0026,4.1825,0.25,0,Galvanostatic,Gamry_1
25925825,7,2632393.9489,33,141,14,5,0.4231,0.0262,-5.8062,0.0261,-0.0027,4.1825,0.25,0,Galvanostatic,Gamry_1
25925825,7,2632393.9489,33,141,14,6,0.5634,0.0259,-6.2762,0.0257,-0.0028,4.1825,0.25,0,Galvanostatic,Gamry_1
25925825,7,2632393.9489,33,141,14,7,0.7512,0.0255,-7.0635,0.0253,-0.0031,4.1825,0.25,0,Galvanostatic,Gamry_1
25925825,7,2632393.9489,33,141,14,8,1.0016,0.0250,-8.0121,0.0247,-0.0035,4.1825,0.25,0,Galvanostatic,Gamry_1
25925825,7,2632393.9489,33,141,14,9,1.3470,0.0243,-9.1738,0.0240,-0.0039,4.1825,0.25,0,Galvanostatic,Gamry_1
25925825,7,2632393.9489,33,141,14,10,1.7589,0.0235,-10.2092,0.0232,-0.0042,4.1825,0.25,0,Galvanostatic,Gamry_1
25925825,7,2632393.9489,33,141,14,11,2.3916,0.0225,-11.1512,0.0221,-0.0044,4.1825,0.25,0,Galvanostatic,Gamry_1
25925825,7,2632393.9489,33,141,14,12,3.1672,0.0214,-11.7523,0.0210,-0.0044,4.1825,0.25,0,Galvanostatic,Gamry_1
25925825,7,2632393.9489,33,141,14,13,4.2344,0.0203,-11.6026,0.0199,-0.0041,4.1825,0.25,0,Galvanostatic,Gamry_1
25925825,7,2632393.9489,33,141,14,14,5.5804,0.0195,-10.9500,0.0191,-0.0037,4.1825,0.25,0,Galvanostatic,Gamry_1
25925825,7,2632393.9489,33,141,14,15,7.4405,0.0187,-9.9356,0.0184,-0.0032,4.1825,0.25,0,Galvanostatic,Gamry_1
25925825,7,2632393.9489,33,141,14,16,9.9102,0.0181,-8.7591,0.0179,-0.0028,4.1825,0.25,0,Galvanostatic,Gamry_1
25925825,7,2632393.9489,33,141,14,17,13.3168,0.0176,-7.5810,0.0175,-0.0023,4.1825,0.25,0,Galvanostatic,Gamry_1
25925825,7,2632393.9489,33,141,14,18,17.7557,0.0173,-6.5963,0.0172,-0.0020,4.1825,0.25,0,Galvanostatic,Gamry_1
25925825,7,2632393.9489,33,141,14,19,23.9158,0.0170,-5.8170,0.0169,-0.0017,4.1825,0.25,0,Galvanostatic,Gamry_1
25925825,7,2632393.9489,33,141,14,20,31.8878,0.0168,-5.2826,0.0167,-0.0015,4.1825,0.25,0,Galvanostatic,Gamry_1
25925825,7,2632393.9489,33,141,14,21,42.6136,0.0166,-4.8753,0.0165,-0.0014,4.1825,0.25,0,Galvanostatic,Gamry_1
25925825,7,2632393.9489,33,141,14,22,54.5058,0.0163,-4.3731,0.0163,-0.0012,4.1825,0.25,0,Galvanostatic,Gamry_1
25925825,7,2632393.9489,33,141,14,23,74.4048,0.0161,-4.2741,0.0161,-0.0012,4.1825,0.25,0,Galvanostatic,Gamry_1
25925825,7,2632393.9489,33,141,14,24,99.7340,0.0159,-4.0088,0.0159,-0.0011,4.1825,0.25,0,Galvanostatic,Gamry_1
25925825,7,2632393.9489,33,141,14,25,133.9286,0.0157,-3.7933,0.0157,-0.0010,4.1825,0.25,0,Galvanostatic,Gamry_1
25925825,7,2632393.9489,33,141,14,26,178.0063,0.0155,-3.4972,0.0155,-0.0009,4.1825,0.25,0,Galvanostatic,Gamry_1
25925825,7,2632393.9489,33,141,14,27,238.3475,0.0154,-3.2408,0.0154,-0.0009,4.1825,0.25,0,Galvanostatic,Gamry_1
25925825,7,2632393.9489,33,141,14,28,319.6023,0.0152,-3.0205,0.0152,-0.0008,4.1825,0.25,0,Galvanostatic,Gamry_1
25925825,7,2632393.9489,33,141,14,29,418.5268,0.0151,-2.7279,0.0151,-0.0007,4.1825,0.25,0,Galvanostatic,Gamry_1
25925825,7,2632393.9489,33,141,14,30,558.0357,0.0149,-2.3412,0.0149,-0.0006,4.1825,0.25,0,Galvanostatic,Gamry_1
25925825,7,2632393.9489,33,141,14,31,745.7386,0.0148,-1.9720,0.0148,-0.0005,4.1825,0.25,0,Galvanostatic,Gamry_1
25925825,7,2632393.9489,33,141,14,32,1004.4640,0.0146,-1.4983,0.0146,-0.0004,4.1825,0.25,0,Galvanostatic,Gamry_1
25925825,7,2632393.9489,33,141,14,33,1324.7280,0.0145,-0.8590,0.0145,-0.0002,4.1825,0.25,0,Galvanostatic,Gamry_1
25925825,7,2632393.9489,33,141,14,34,1770.8330,0.0144,-0.0201,0.0144,0.0000,4.1825,0.25,0,Galvanostatic,Gamry_1
25925825,7,2632393.9489,33,141,14,35,2343.7500,0.0143,1.0067,0.0143,0.0003,4.1825,0.25,0,Galvanostatic,Gamry_1
25925825,7,2632393.9489,33,141,14,36,3164.0630,0.0142,2.3697,0.0142,0.0006,4.1825,0.25,0,Galvanostatic,Gamry_1
25925825,7,2632393.9489,33,141,14,37,4230.1830,0.0142,3.9566,0.0142,0.0010,4.1825,0.25,0,Galvanostatic,Gamry_1
25925825,7,2632393.9489,33,141,14,38,5602.1340,0.0143,5.8162,0.0142,0.0014,4.1825,0.25,0,Galvanostatic,Gamry_1
25925825,7,2632393.9489,33,141,14,39,7431.4020,0.0144,8.0770,0.0143,0.0020,4.1825,0.25,0,Galvanostatic,Gamry_1
25925825,7,2776543.2739,33,151,15,0,0.1001,0.0281,-6.7762,0.0279,-0.0033,4.1825,0.25,0,Galvanostatic,Gamry_1
25925825,7,2776543.2739,33,151,15,1,0.1335,0.0277,-6.2100,0.0276,-0.0030,4.1825,0.25,0,Galvanostatic,Gamry_1
25925825,7,2776543.2739,33,151,15,2,0.1781,0.0274,-5.7168,0.0272,-0.0027,4.1825,0.25,0,Galvanostatic,Gamry_1
25925825,7,2776543.2739,33,151,15,3,0.2372,0.0270,-5.6050,0.0269,-0.0026,4.1825,0.25,0,Galvanostatic,Gamry_1
25925825,7,2776543.2739,33,151,15,4,0.3167,0.0268,-5.6896,0.0266,-0.0027,4.1825,0.25,0,Galvanostatic,Gamry_1
25925825,7,2776543.2739,33,151,15,5,0.4231,0.0265,-5.9371,0.0263,-0.0027,4.1825,0.25,0,Galvanostatic,Gamry_1
25925825,7,2776543.2739,33,151,15,6,0.5634,0.0261,-6.4139,0.0260,-0.0029,4.1825,0.25,0,Galvanostatic,Gamry_1
25925825,7,2776543.2739,33,151,15,7,0.7512,0.0257,-7.3026,0.0255,-0.0033,4.1825,0.25,0,Galvanostatic,Gamry_1
25925825,7,2776543.2739,33,151,15,8,1.0016,0.0252,-8.1722,0.0249,-0.0036,4.1825,0.25,0,Galvanostatic,Gamry_1
25925825,7,2776543.2739,33,151,15,9,1.3470,0.0245,-9.4043,0.0242,-0.0040,4.1825,0.25,0,Galvanostatic,Gamry_1
25925825,7,2776543.2739,33,151,15,10,1.7589,0.0237,-10.5087,0.0233,-0.0043,4.1825,0.25,0,Galvanostatic,Gamry_1
25925825,7,2776543.2739,33,151,15,11,2.3916,0.0226,-11.4763,0.0221,-0.0045,4.1825,0.25,0,Galvanostatic,Gamry_1
25925825,7,2776543.2739,33,151,15,12,3.1672,0.0215,-11.8814,0.0210,-0.0044,4.1825,0.25,0,Galvanostatic,Gamry_1
25925825,7,2776543.2739,33,151,15,13,4.2344,0.0203,-11.8021,0.0199,-0.0042,4.1825,0.25,0,Galvanostatic,Gamry_1
25925825,7,2776543.2739,33,151,15,14,5.5804,0.0195,-11.0631,0.0191,-0.0037,4.1825,0.25,0,Galvanostatic,Gamry_1
25925825,7,2776543.2739,33,151,15,15,7.4405,0.0187,-10.0167,0.0184,-0.0032,4.1825,0.25,0,Galvanostatic,Gamry_1
25925825,7,2776543.2739,33,151,15,16,9.9102,0.0181,-8.7939,0.0179,-0.0028,4.1825,0.25,0,Galvanostatic,Gamry_1
25925825,7,2776543.2739,33,151,15,17,13.3168,0.0177,-7.5625,0.0175,-0.0023,4.1825,0.25,0,Galvanostatic,Gamry_1
25925825,7,2776543.2739,33,151,15,18,17.7557,0.0173,-6.6109,0.0172,-0.0020,4.1825,0.25,0,Galvanostatic,Gamry_1
25925825,7,2776543.2739,33,151,15,19,23.9158,0.0171,-5.7984,0.0170,-0.0017,4.1825,0.25,0,Galvanostatic,Gamry_1
25925825,7,2776543.2739,33,151,15,20,31.8878,0.0168,-5.2901,0.0167,-0.0015,4.1825,0.25,0,Galvanostatic,Gamry_1
25925825,7,2776543.2739,33,151,15,21,42.6136,0.0166,-4.7138,0.0165,-0.0014,4.1825,0.25,0,Galvanostatic,Gamry_1
25925825,7,2776543.2739,33,151,15,22,54.5058,0.0164,-4.3386,0.0164,-0.0012,4.1825,0.25,0,Galvanostatic,Gamry_1
25925825,7,2776543.2739,33,151,15,23,74.4048,0.0162,-4.2097,0.0161,-0.0012,4.1825,0.25,0,Galvanostatic,Gamry_1
25925825,7,2776543.2739,33,151,15,24,99.7340,0.0159,-4.0123,0.0159,-0.0011,4.1825,0.25,0,Galvanostatic,Gamry_1
25925825,7,2776543.2739,33,151,15,25,133.9286,0.0158,-3.7645,0.0157,-0.0010,4.1825,0.25,0,Galvanostatic,Gamry_1
25925825,7,2776543.2739,33,151,15,26,178.0063,0.0156,-3.4816,0.0156,-0.0009,4.1825,0.25,0,Galvanostatic,Gamry_1
25925825,7,2776543.2739,33,151,15,27,238.3475,0.0154,-3.2371,0.0154,-0.0009,4.1825,0.25,0,Galvanostatic,Gamry_1
25925825,7,2776543.2739,33,151,15,28,319.6023,0.0152,-2.9933,0.0152,-0.0008,4.1825,0.25,0,Galvanostatic,Gamry_1
25925825,7,2776543.2739,33,151,15,29,418.5268,0.0151,-2.7383,0.0151,-0.0007,4.1825,0.25,0,Galvanostatic,Gamry_1
25925825,7,2776543.2739,33,151,15,30,558.0357,0.0150,-2.3028,0.0149,-0.0006,4.1825,0.25,0,Galvanostatic,Gamry_1
25925825,7,2776543.2739,33,151,15,31,745.7386,0.0148,-1.9776,0.0148,-0.0005,4.1825,0.25,0,Galvanostatic,Gamry_1
25925825,7,2776543.2739,33,151,15,32,1004.4640,0.0146,-1.4882,0.0146,-0.0004,4.1825,0.25,0,Galvanostatic,Gamry_1
25925825,7,2776543.2739,33,151,15,33,1324.7280,0.0145,-0.8772,0.0145,-0.0002,4.1825,0.25,0,Galvanostatic,Gamry_1
25925825,7,2776543.2739,33,151,15,34,1770.8330,0.0144,-0.0211,0.0144,0.0000,4.1825,0.25,0,Galvanostatic,Gamry_1
25925825,7,2776543.2739,33,151,15,35,2343.7500,0.0143,1.0079,0.0143,0.0003,4.1825,0.25,0,Galvanostatic,Gamry_1
25925825,7,2776543.2739,33,151,15,36,3164.0630,0.0143,2.3700,0.0142,0.0006,4.1825,0.25,0,Galvanostatic,Gamry_1
25925825,7,2776543.2739,33,151,15,37,4230.1830,0.0143,3.9644,0.0142,0.0010,4.1825,0.25,0,Galvanostatic,Gamry_1
25925825,7,2776543.2739,33,151,15,38,5602.1340,0.0143,5.8023,0.0143,0.0014,4.1825,0.25,0,Galvanostatic,Gamry_1
25925825,7,2776543.2739,33,151,15,39,7431.4020,0.0144,8.0592,0.0143,0.0020,4.1825,0.25,0,Galvanostatic,Gamry_1
25925825,7,2920252.1302,33,161,16,0,0.1001,0.0284,-6.7576,0.0282,-0.0033,4.1824,0.25,0,Galvanostatic,Gamry_1
25925825,7,2920252.1302,33,161,16,1,0.1335,0.0280,-6.2148,0.0279,-0.0030,4.1824,0.25,0,Galvanostatic,Gamry_1
25925825,7,2920252.1302,33,161,16,2,0.1781,0.0276,-5.8218,0.0275,-0.0028,4.1824,0.25,0,Galvanostatic,Gamry_1
25925825,7,2920252.1302,33,161,16,3,0.2372,0.0273,-5.6667,0.0272,-0.0027,4.1824,0.25,0,Galvanostatic,Gamry_1
25925825,7,2920252.1302,33,161,16,4,0.3167,0.0271,-5.7013,0.0269,-0.0027,4.1824,0.25,0,Galvanostatic,Gamry_1
25925825,7,2920252.1302,33,161,16,5,0.4231,0.0267,-6.0818,0.0266,-0.0028,4.1824,0.25,0,Galvanostatic,Gamry_1
25925825,7,2920252.1302,33,161,16,6,0.5634,0.0264,-6.7226,0.0262,-0.0031,4.1824,0.25,0,Galvanostatic,Gamry_1
25925825,7,2920252.1302,33,161,16,7,0.7512,0.0259,-7.4402,0.0257,-0.0034,4.1824,0.25,0,Galvanostatic,Gamry_1
25925825,7,2920252.1302,33,161,16,8,1.0016,0.0254,-8.4889,0.0251,-0.0037,4.1824,0.25,0,Galvanostatic,Gamry_1
25925825,7,2920252.1302,33,161,16,9,1.3470,0.0246,-9.7572,0.0243,-0.0042,4.1824,0.25,0,Galvanostatic,Gamry_1
25925825,7,2920252.1302,33,161,16,10,1.7589,0.0238,-10.7973,0.0233,-0.0045,4.1824,0.25,0,Galvanostatic,Gamry_1
25925825,7,2920252.1302,33,161,16,11,2.3916,0.0226,-11.7860,0.0221,-0.0046,4.1824,0.25,0,Galvanostatic,Gamry_1
25925825,7,2920252.1302,33,161,16,12,3.1672,0.0215,-12.1808,0.0210,-0.0045,4.1824,0.25,0,Galvanostatic,Gamry_1
25925825,7,2920252.1302,33,161,16,13,4.2344,0.0204,-11.9501,0.0199,-0.0042,4.1824,0.25,0,Galvanostatic,Gamry_1
25925825,7,2920252.1302,33,161,16,14,5.5804,0.0195,-11.1968,0.0191,-0.0038,4.1824,0.25,0,Galvanostatic,Gamry_1
25925825,7,2920252.1302,33,161,16,15,7.4405,0.0187,-10.1076,0.0184,-0.0033,4.1824,0.25,0,Galvanostatic,Gamry_1
25925825,7,2920252.1302,33,161,16,16,9.9102,0.0181,-8.8001,0.0179,-0.0028,4.1824,0.25,0,Galvanostatic,Gamry_1
25925825,7,2920252.1302,33,161,16,17,13.3168,0.0177,-7.6054,0.0175,-0.0023,4.1824,0.25,0,Galvanostatic,Gamry_1
25925825,7,2920252.1302,33,161,16,18,17.7557,0.0173,-6.6200,0.0172,-0.0020,4.1824,0.25,0,Galvanostatic,Gamry_1
25925825,7,2920252.1302,33,161,16,19,23.9158,0.0171,-5.8513,0.0170,-0.0017,4.1824,0.25,0,Galvanostatic,Gamry_1
25925825,7,2920252.1302,33,161,16,20,31.8878,0.0168,-5.2218,0.0168,-0.0015,4.1824,0.25,0,Galvanostatic,Gamry_1
25925825,7,2920252.1302,33,161,16,21,42.6136,0.0166,-4.8097,0.0165,-0.0014,4.1824,0.25,0,Galvanostatic,Gamry_1
25925825,7,2920252.1302,33,161,16,22,54.5058,0.0164,-4.3947,0.0164,-0.0013,4.1824,0.25,0,Galvanostatic,Gamry_1
25925825,7,2920252.1302,33,161,16,23,74.4048,0.0162,-4.2266,0.0162,-0.0012,4.1824,0.25,0,Galvanostatic,Gamry_1
25925825,7,2920252.1302,33,161,16,24,99.7340,0.0160,-4.0165,0.0160,-0.0011,4.1824,0.25,0,Galvanostatic,Gamry_1
25925825,7,2920252.1302,33,161,16,25,133.9286,0.0158,-3.7760,0.0157,-0.0010,4.1824,0.25,0,Galvanostatic,Gamry_1
25925825,7,2920252.1302,33,161,16,26,178.0063,0.0156,-3.4959,0.0156,-0.0010,4.1824,0.25,0,Galvanostatic,Gamry_1
25925825,7,2920252.1302,33,161,16,27,238.3475,0.0154,-3.2774,0.0154,-0.0009,4.1824,0.25,0,Galvanostatic,Gamry_1
25925825,7,2920252.1302,33,161,16,28,319.6023,0.0153,-2.9768,0.0152,-0.0008,4.1824,0.25,0,Galvanostatic,Gamry_1
25925825,7,2920252.1302,33,161,16,29,418.5268,0.0151,-2.7643,0.0151,-0.0007,4.1824,0.25,0,Galvanostatic,Gamry_1
25925825,7,2920252.1302,33,161,16,30,558.0357,0.0150,-2.3213,0.0150,-0.0006,4.1824,0.25,0,Galvanostatic,Gamry_1
25925825,7,2920252.1302,33,161,16,31,745.7386,0.0148,-1.9757,0.0148,-0.0005,4.1824,0.25,0,Galvanostatic,Gamry_1
25925825,7,2920252.1302,33,161,16,32,1004.4640,0.0146,-1.4917,0.0146,-0.0004,4.1824,0.25,0,Galvanostatic,Gamry_1
25925825,7,2920252.1302,33,161,16,33,1324.7280,0.0145,-0.8650,0.0145,-0.0002,4.1824,0.25,0,Galvanostatic,Gamry_1
25925825,7,2920252.1302,33,161,16,34,1770.8330,0.0144,-0.0286,0.0144,0.0000,4.1824,0.25,0,Galvanostatic,Gamry_1
25925825,7,2920252.1302,33,161,16,35,2343.7500,0.0143,0.9996,0.0143,0.0003,4.1824,0.25,0,Galvanostatic,Gamry_1
25925825,7,2920252.1302,33,161,16,36,3164.0630,0.0143,2.3563,0.0143,0.0006,4.1824,0.25,0,Galvanostatic,Gamry_1
25925825,7,2920252.1302,33,161,16,37,4230.1830,0.0143,3.9420,0.0143,0.0010,4.1824,0.25,0,Galvanostatic,Gamry_1
25925825,7,2920252.1302,33,161,16,38,5602.1340,0.0143,5.7833,0.0143,0.0014,4.1824,0.25,0,Galvanostatic,Gamry_1
25925825,7,2920252.1302,33,161,16,39,7431.4020,0.0145,8.0147,0.0143,0.0020,4.1824,0.25,0,Galvanostatic,Gamry_1
25925825,7,3248734.0289,33,171,17,0,0.1001,0.0287,-6.7774,0.0285,-0.0034,4.1825,0.25,0,Galvanostatic,Gamry_1
25925825,7,3248734.0289,33,171,17,1,0.1335,0.0283,-6.1909,0.0281,-0.0031,4.1825,0.25,0,Galvanostatic,Gamry_1
25925825,7,3248734.0289,33,171,17,2,0.1781,0.0279,-5.8344,0.0277,-0.0028,4.1825,0.25,0,Galvanostatic,Gamry_1
25925825,7,3248734.0289,33,171,17,3,0.2372,0.0276,-5.6451,0.0275,-0.0027,4.1825,0.25,0,Galvanostatic,Gamry_1
25925825,7,3248734.0289,33,171,17,4,0.3167,0.0273,-5.7940,0.0271,-0.0028,4.1825,0.25,0,Galvanostatic,Gamry_1
25925825,7,3248734.0289,33,171,17,5,0.4231,0.0270,-6.1359,0.0268,-0.0029,4.1825,0.25,0,Galvanostatic,Gamry_1
25925825,7,3248734.0289,33,171,17,6,0.5634,0.0266,-6.8068,0.0264,-0.0032,4.1825,0.25,0,Galvanostatic,Gamry_1
25925825,7,3248734.0289,33,171,17,7,0.7512,0.0261,-7.6379,0.0259,-0.0035,4.1825,0.25,0,Galvanostatic,Gamry_1
25925825,7,3248734.0289,33,171,17,8,1.0016,0.0256,-8.7388,0.0253,-0.0039,4.1825,0.25,0,Galvanostatic,Gamry_1
25925825,7,3248734.0289,33,171,17,9,1.3470,0.0248,-10.0477,0.0244,-0.0043,4.1825,0.25,0,Galvanostatic,Gamry_1
25925825,7,3248734.0289,33,171,17,10,1.7589,0.0239,-11.0921,0.0235,-0.0046,4.1825,0.25,0,Galvanostatic,Gamry_1
25925825,7,3248734.0289,33,171,17,11,2.3916,0.0227,-12.0720,0.0222,-0.0047,4.1825,0.25,0,Galvanostatic,Gamry_1
25925825,7,3248734.0289,33,171,17,12,3.1672,0.0215,-12.4468,0.0210,-0.0046,4.1825,0.25,0,Galvanostatic,Gamry_1
25925825,7,3248734.0289,33,171,17,13,4.2344,0.0204,-12.0344,0.0200,-0.0043,4.1825,0.25,0,Galvanostatic,Gamry_1
25925825,7,3248734.0289,33,171,17,14,5.5804,0.0195,-11.3512,0.0191,-0.0038,4.1825,0.25,0,Galvanostatic,Gamry_1
25925825,7,3248734.0289,33,171,17,15,7.4405,0.0187,-10.0832,0.0184,-0.0033,4.1825,0.25,0,Galvanostatic,Gamry_1
25925825,7,3248734.0289,33,171,17,16,9.9102,0.0181,-8.8278,0.0179,-0.0028,4.1825,0.25,0,Galvanostatic,Gamry_1
25925825,7,3248734.0289,33,171,17,17,13.3168,0.0177,-7.5883,0.0175,-0.0023,4.1825,0.25,0,Galvanostatic,Gamry_1
25925825,7,3248734.0289,33,171,17,18,17.7557,0.0173,-6.6001,0.0172,-0.0020,4.1825,0.25,0,Galvanostatic,Gamry_1
25925825,7,3248734.0289,33,171,17,19,23.9158,0.0171,-5.8399,0.0170,-0.0017,4.1825,0.25,0,Galvanostatic,Gamry_1
25925825,7,3248734.0289,33,171,17,20,31.8878,0.0169,-5.2884,0.0168,-0.0016,4.1825,0.25,0,Galvanostatic,Gamry_1
25925825,7,3248734.0289,33,171,17,21,42.6136,0.0166,-4.8962,0.0166,-0.0014,4.1825,0.25,0,Galvanostatic,Gamry_1
25925825,7,3248734.0289,33,171,17,22,54.5058,0.0164,-4.3548,0.0164,-0.0012,4.1825,0.25,0,Galvanostatic,Gamry_1
25925825,7,3248734.0289,33,171,17,23,74.4048,0.0162,-4.3171,0.0162,-0.0012,4.1825,0.25,0,Galvanostatic,Gamry_1
25925825,7,3248734.0289,33,171,17,24,99.7340,0.0160,-3.9575,0.0160,-0.0011,4.1825,0.25,0,Galvanostatic,Gamry_1
25925825,7,3248734.0289,33,171,17,25,133.9286,0.0158,-3.7068,0.0157,-0.0010,4.1825,0.25,0,Galvanostatic,Gamry_1
25925825,7,3248734.0289,33,171,17,26,178.0063,0.0156,-3.4854,0.0156,-0.0010,4.1825,0.25,0,Galvanostatic,Gamry_1
25925825,7,3248734.0289,33,171,17,27,238.3475,0.0155,-3.1987,0.0154,-0.0009,4.1825,0.25,0,Galvanostatic,Gamry_1
25925825,7,3248734.0289,33,171,17,28,319.6023,0.0153,-2.9830,0.0153,-0.0008,4.1825,0.25,0,Galvanostatic,Gamry_1
25925825,7,3248734.0289,33,171,17,29,418.5268,0.0151,-2.7215,0.0151,-0.0007,4.1825,0.25,0,Galvanostatic,Gamry_1
25925825,7,3248734.0289,33,171,17,30,558.0357,0.0150,-2.3358,0.0150,-0.0006,4.1825,0.25,0,Galvanostatic,Gamry_1
25925825,7,3248734.0289,33,171,17,31,745.7386,0.0148,-1.9948,0.0148,-0.0005,4.1825,0.25,0,Galvanostatic,Gamry_1
25925825,7,3248734.0289,33,171,17,32,1004.4640,0.0147,-1.4901,0.0147,-0.0004,4.1825,0.25,0,Galvanostatic,Gamry_1
25925825,7,3248734.0289,33,171,17,33,1324.7280,0.0146,-0.8686,0.0146,-0.0002,4.1825,0.25,0,Galvanostatic,Gamry_1
25925825,7,3248734.0289,33,171,17,34,1770.8330,0.0144,-0.0390,0.0144,0.0000,4.1825,0.25,0,Galvanostatic,Gamry_1
25925825,7,3248734.0289,33,171,17,35,2343.7500,0.0144,0.9479,0.0144,0.0002,4.1825,0.25,0,Galvanostatic,Gamry_1
25925825,7,3248734.0289,33,171,17,36,3164.0630,0.0143,2.2896,0.0143,0.0006,4.1825,0.25,0,Galvanostatic,Gamry_1
25925825,7,3248734.0289,33,171,17,37,4230.1830,0.0143,3.8557,0.0143,0.0010,4.1825,0.25,0,Galvanostatic,Gamry_1
25925825,7,3248734.0289,33,171,17,38,5602.1340,0.0144,5.6428,0.0143,0.0014,4.1825,0.25,0,Galvanostatic,Gamry_1
25925825,7,3248734.0289,33,171,17,39,7431.4020,0.0146,7.7608,0.0144,0.0020,4.1825,0.25,0,Galvanostatic,Gamry_1
25925825,7,3392363.6697,33,181,18,0,0.1001,0.0290,-6.7778,0.0287,-0.0034,4.1827,0.25,0,Galvanostatic,Gamry_1
25925825,7,3392363.6697,33,181,18,1,0.1335,0.0286,-6.2284,0.0284,-0.0031,4.1827,0.25,0,Galvanostatic,Gamry_1
25925825,7,3392363.6697,33,181,18,2,0.1781,0.0282,-5.8885,0.0280,-0.0029,4.1827,0.25,0,Galvanostatic,Gamry_1
25925825,7,3392363.6697,33,181,18,3,0.2372,0.0278,-5.8039,0.0277,-0.0028,4.1827,0.25,0,Galvanostatic,Gamry_1
25925825,7,3392363.6697,33,181,18,4,0.3167,0.0276,-5.9270,0.0274,-0.0028,4.1827,0.25,0,Galvanostatic,Gamry_1
25925825,7,3392363.6697,33,181,18,5,0.4231,0.0272,-6.2811,0.0271,-0.0030,4.1827,0.25,0,Galvanostatic,Gamry_1
25925825,7,3392363.6697,33,181,18,6,0.5634,0.0268,-6.9375,0.0266,-0.0032,4.1827,0.25,0,Galvanostatic,Gamry_1
25925825,7,3392363.6697,33,181,18,7,0.7512,0.0264,-7.8640,0.0261,-0.0036,4.1827,0.25,0,Galvanostatic,Gamry_1
25925825,7,3392363.6697,33,181,18,8,1.0016,0.0257,-9.2269,0.0254,-0.0041,4.1827,0.25,0,Galvanostatic,Gamry_1
25925825,7,3392363.6697,33,181,18,9,1.3470,0.0249,-10.3800,0.0245,-0.0045,4.1827,0.25,0,Galvanostatic,Gamry_1
25925825,7,3392363.6697,33,181,18,10,1.7589,0.0240,-11.4336,0.0235,-0.0048,4.1827,0.25,0,Galvanostatic,Gamry_1
25925825,7,3392363.6697,33,181,18,11,2.3916,0.0228,-12.3783,0.0222,-0.0049,4.1827,0.25,0,Galvanostatic,Gamry_1
25925825,7,3392363.6697,33,181,18,12,3.1672,0.0215,-12.6230,0.0210,-0.0047,4.1827,0.25,0,Galvanostatic,Gamry_1
25925825,7,3392363.6697,33,181,18,13,4.2344,0.0204,-12.2537,0.0199,-0.0043,4.1827,0.25,0,Galvanostatic,Gamry_1
25925825,7,3392363.6697,33,181,18,14,5.5804,0.0195,-11.3585,0.0191,-0.0038,4.1827,0.25,0,Galvanostatic,Gamry_1
25925825,7,3392363.6697,33,181,18,15,7.4405,0.0187,-10.1510,0.0184,-0.0033,4.1827,0.25,0,Galvanostatic,Gamry_1
25925825,7,3392363.6697,33,181,18,16,9.9102,0.0181,-8.8054,0.0179,-0.0028,4.1827,0.25,0,Galvanostatic,Gamry_1
25925825,7,3392363.6697,33,181,18,17,13.3168,0.0177,-7.5873,0.0175,-0.0023,4.1827,0.25,0,Galvanostatic,Gamry_1
25925825,7,3392363.6697,33,181,18,18,17.7557,0.0174,-6.5609,0.0173,-0.0020,4.1827,0.25,0,Galvanostatic,Gamry_1
25925825,7,3392363.6697,33,181,18,19,23.9158,0.0171,-5.7816,0.0170,-0.0017,4.1827,0.25,0,Galvanostatic,Gamry_1
25925825,7,3392363.6697,33,181,18,20,31.8878,0.0169,-5.2092,0.0168,-0.0015,4.1827,0.25,0,Galvanostatic,Gamry_1
25925825,7,3392363.6697,33,181,18,21,42.6136,0.0167,-4.8360,0.0166,-0.0014,4.1827,0.25,0,Galvanostatic,Gamry_1
25925825,7,3392363.6697,33,181,18,22,54.5058,0.0166,-4.4864,0.0165,-0.0013,4.1827,0.25,0,Galvanostatic,Gamry_1
25925825,7,3392363.6697,33,181,18,23,74.4048,0.0162,-4.2206,0.0162,-0.0012,4.1827,0.25,0,Galvanostatic,Gamry_1
25925825,7,3392363.6697,33,181,18,24,99.7340,0.0160,-3.9963,0.0160,-0.0011,4.1827,0.25,0,Galvanostatic,Gamry_1
25925825,7,3392363.6697,33,181,18,25,133.9286,0.0158,-3.8037,0.0158,-0.0011,4.1827,0.25,0,Galvanostatic,Gamry_1
25925825,7,3392363.6697,33,181,18,26,178.0063,0.0157,-3.5155,0.0156,-0.0010,4.1827,0.25,0,Galvanostatic,Gamry_1
25925825,7,3392363.6697,33,181,18,27,238.3475,0.0155,-3.2637,0.0155,-0.0009,4.1827,0.25,0,Galvanostatic,Gamry_1
25925825,7,3392363.6697,33,181,18,28,319.6023,0.0153,-2.9699,0.0153,-0.0008,4.1827,0.25,0,Galvanostatic,Gamry_1
25925825,7,3392363.6697,33,181,18,29,418.5268,0.0152,-2.7204,0.0152,-0.0007,4.1827,0.25,0,Galvanostatic,Gamry_1
25925825,7,3392363.6697,33,181,18,30,558.0357,0.0150,-2.3310,0.0150,-0.0006,4.1827,0.25,0,Galvanostatic,Gamry_1
25925825,7,3392363.6697,33,181,18,31,745.7386,0.0149,-1.9822,0.0149,-0.0005,4.1827,0.25,0,Galvanostatic,Gamry_1
25925825,7,3392363.6697,33,181,18,32,1004.4640,0.0147,-1.4901,0.0147,-0.0004,4.1827,0.25,0,Galvanostatic,Gamry_1
25925825,7,3392363.6697,33,181,18,33,1324.7280,0.0146,-0.8911,0.0146,-0.0002,4.1827,0.25,0,Galvanostatic,Gamry_1
25925825,7,3392363.6697,33,181,18,34,1770.8330,0.0145,-0.0499,0.0145,0.0000,4.1827,0.25,0,Galvanostatic,Gamry_1
25925825,7,3392363.6697,33,181,18,35,2343.7500,0.0144,0.9688,0.0144,0.0002,4.1827,0.25,0,Galvanostatic,Gamry_1
25925825,7,3392363.6697,33,181,18,36,3164.0630,0.0144,2.2933,0.0143,0.0006,4.1827,0.25,0,Galvanostatic,Gamry_1
25925825,7,3392363.6697,33,181,18,37,4230.1830,0.0144,3.8453,0.0143,0.0010,4.1827,0.25,0,Galvanostatic,Gamry_1
25925825,7,3392363.6697,33,181,18,38,5602.1340,0.0144,5.6301,0.0144,0.0014,4.1827,0.25,0,Galvanostatic,Gamry_1
25925825,7,3392363.6697,33,181,18,39,7431.4020,0.0146,7.7329,0.0145,0.0020,4.1827,0.25,0,Galvanostatic,Gamry_1
25925825,7,3536040.6362,33,191,19,0,0.1001,0.0292,-6.7479,0.0290,-0.0034,4.1823,0.25,0,Galvanostatic,Gamry_1
25925825,7,3536040.6362,33,191,19,1,0.1335,0.0288,-6.2476,0.0287,-0.0031,4.1823,0.25,0,Galvanostatic,Gamry_1
25925825,7,3536040.6362,33,191,19,2,0.1781,0.0284,-5.9238,0.0283,-0.0029,4.1823,0.25,0,Galvanostatic,Gamry_1
25925825,7,3536040.6362,33,191,19,3,0.2372,0.0281,-5.8721,0.0279,-0.0029,4.1823,0.25,0,Galvanostatic,Gamry_1
25925825,7,3536040.6362,33,191,19,4,0.3167,0.0278,-6.0177,0.0277,-0.0029,4.1823,0.25,0,Galvanostatic,Gamry_1
25925825,7,3536040.6362,33,191,19,5,0.4231,0.0275,-6.4994,0.0273,-0.0031,4.1823,0.25,0,Galvanostatic,Gamry_1
25925825,7,3536040.6362,33,191,19,6,0.5634,0.0270,-7.1138,0.0268,-0.0034,4.1823,0.25,0,Galvanostatic,Gamry_1
25925825,7,3536040.6362,33,191,19,7,0.7512,0.0265,-8.1528,0.0263,-0.0038,4.1823,0.25,0,Galvanostatic,Gamry_1
25925825,7,3536040.6362,33,191,19,8,1.0016,0.0259,-9.2810,0.0256,-0.0042,4.1823,0.25,0,Galvanostatic,Gamry_1
25925825,7,3536040.6362,33,191,19,9,1.3470,0.0250,-10.6270,0.0246,-0.0046,4.1823,0.25,0,Galvanostatic,Gamry_1
25925825,7,3536040.6362,33,191,19,10,1.7589,0.0241,-11.6898,0.0236,-0.0049,4.1823,0.25,0,Galvanostatic,Gamry_1
25925825,7,3536040.6362,33,191,19,11,2.3916,0.0228,-12.5075,0.0223,-0.0049,4.1823,0.25,0,Galvanostatic,Gamry_1
25925825,7,3536040.6362,33,191,19,12,3.1672,0.0216,-12.7866,0.0211,-0.0048,4.1823,0.25,0,Galvanostatic,Gamry_1
25925825,7,3536040.6362,33,191,19,13,4.2344,0.0204,-12.3932,0.0200,-0.0044,4.1823,0.25,0,Galvanostatic,Gamry_1
25925825,7,3536040.6362,33,191,19,14,5.5804,0.0195,-11.4406,0.0191,-0.0039,4.1823,0.25,0,Galvanostatic,Gamry_1
25925825,7,3536040.6362,33,191,19,15,7.4405,0.0187,-10.2001,0.0184,-0.0033,4.1823,0.25,0,Galvanostatic,Gamry_1
25925825,7,3536040.6362,33,191,19,16,9.9102,0.0181,-8.8461,0.0179,-0.0028,4.1823,0.25,0,Galvanostatic,Gamry_1
25925825,7,3536040.6362,33,191,19,17,13.3168,0.0177,-7.5997,0.0175,-0.0023,4.1823,0.25,0,Galvanostatic,Gamry_1
25925825,7,3536040.6362,33,191,19,18,17.7557,0.0174,-6.5882,0.0173,-0.0020,4.1823,0.25,0,Galvanostatic,Gamry_1
25925825,7,3536040.6362,33,191,19,19,23.9158,0.0171,-5.7425,0.0171,-0.0017,4.1823,0.25,0,Galvanostatic,Gamry_1
25925825,7,3536040.6362,33,191,19,20,31.8878,0.0169,-5.2828,0.0168,-0.0016,4.1823,0.25,0,Galvanostatic,Gamry_1
25925825,7,3536040.6362,33,191,19,21,42.6136,0.0167,-4.6760,0.0166,-0.0014,4.1823,0.25,0,Galvanostatic,Gamry_1
25925825,7,3536040.6362,33,191,19,22,54.5058,0.0166,-4.5914,0.0165,-0.0013,4.1823,0.25,0,Galvanostatic,Gamry_1
25925825,7,3536040.6362,33,191,19,23,74.4048,0.0163,-4.2120,0.0162,-0.0012,4.1823,0.25,0,Galvanostatic,Gamry_1
25925825,7,3536040.6362,33,191,19,24,99.7340,0.0161,-4.0122,0.0160,-0.0011,4.1823,0.25,0,Galvanostatic,Gamry_1
25925825,7,3536040.6362,33,191,19,25,133.9286,0.0158,-3.7027,0.0158,-0.0010,4.1823,0.25,0,Galvanostatic,Gamry_1
25925825,7,3536040.6362,33,191,19,26,178.0063,0.0157,-3.4961,0.0157,-0.0010,4.1823,0.25,0,Galvanostatic,Gamry_1
25925825,7,3536040.6362,33,191,19,27,238.3475,0.0155,-3.1877,0.0155,-0.0009,4.1823,0.25,0,Galvanostatic,Gamry_1
25925825,7,3536040.6362,33,191,19,28,319.6023,0.0153,-2.9693,0.0153,-0.0008,4.1823,0.25,0,Galvanostatic,Gamry_1
25925825,7,3536040.6362,33,191,19,29,418.5268,0.0152,-2.7315,0.0152,-0.0007,4.1823,0.25,0,Galvanostatic,Gamry_1
25925825,7,3536040.6362,33,191,19,30,558.0357,0.0150,-2.3257,0.0150,-0.0006,4.1823,0.25,0,Galvanostatic,Gamry_1
25925825,7,3536040.6362,33,191,19,31,745.7386,0.0149,-1.9975,0.0149,-0.0005,4.1823,0.25,0,Galvanostatic,Gamry_1
25925825,7,3536040.6362,33,191,19,32,1004.4640,0.0147,-1.4699,0.0147,-0.0004,4.1823,0.25,0,Galvanostatic,Gamry_1
25925825,7,3536040.6362,33,191,19,33,1324.7280,0.0146,-0.8730,0.0146,-0.0002,4.1823,0.25,0,Galvanostatic,Gamry_1
25925825,7,3536040.6362,33,191,19,34,1770.8330,0.0145,-0.0301,0.0145,0.0000,4.1823,0.25,0,Galvanostatic,Gamry_1
25925825,7,3536040.6362,33,191,19,35,2343.7500,0.0144,0.9729,0.0144,0.0002,4.1823,0.25,0,Galvanostatic,Gamry_1
25925825,7,3536040.6362,33,191,19,36,3164.0630,0.0144,2.3099,0.0144,0.0006,4.1823,0.25,0,Galvanostatic,Gamry_1
25925825,7,3536040.6362,33,191,19,37,4230.1830,0.0144,3.8622,0.0144,0.0010,4.1823,0.25,0,Galvanostatic,Gamry_1
25925825,7,3536040.6362,33,191,19,38,5602.1340,0.0145,5.6329,0.0144,0.0014,4.1823,0.25,0,Galvanostatic,Gamry_1
25925825,7,3536040.6362,33,191,19,39,7431.4020,0.0146,7.7370,0.0145,0.0020,4.1823,0.25,0,Galvanostatic,Gamry_1
25925825,7,3679340.9825,33,201,20,0,0.1001,0.0295,-6.7769,0.0293,-0.0035,4.1822,0.25,0,Galvanostatic,Gamry_1
25925825,7,3679340.9825,33,201,20,1,0.1335,0.0291,-6.2599,0.0289,-0.0032,4.1822,0.25,0,Galvanostatic,Gamry_1
25925825,7,3679340.9825,33,201,20,2,0.1781,0.0287,-5.9944,0.0286,-0.0030,4.1822,0.25,0,Galvanostatic,Gamry_1
25925825,7,3679340.9825,33,201,20,3,0.2372,0.0284,-5.9365,0.0282,-0.0029,4.1822,0.25,0,Galvanostatic,Gamry_1
25925825,7,3679340.9825,33,201,20,4,0.3167,0.0281,-6.1094,0.0279,-0.0030,4.1822,0.25,0,Galvanostatic,Gamry_1
25925825,7,3679340.9825,33,201,20,5,0.4231,0.0277,-6.5761,0.0275,-0.0032,4.1822,0.25,0,Galvanostatic,Gamry_1
25925825,7,3679340.9825,33,201,20,6,0.5634,0.0273,-7.3390,0.0271,-0.0035,4.1822,0.25,0,Galvanostatic,Gamry_1
25925825,7,3679340.9825,33,201,20,7,0.7512,0.0268,-8.3269,0.0265,-0.0039,4.1822,0.25,0,Galvanostatic,Gamry_1
25925825,7,3679340.9825,33,201,20,8,1.0016,0.0261,-9.5352,0.0257,-0.0043,4.1822,0.25,0,Galvanostatic,Gamry_1
25925825,7,3679340.9825,33,201,20,9,1.3470,0.0252,-10.8672,0.0248,-0.0048,4.1822,0.25,0,Galvanostatic,Gamry_1
25925825,7,3679340.9825,33,201,20,10,1.7589,0.0242,-12.0225,0.0236,-0.0050,4.1822,0.25,0,Galvanostatic,Gamry_1
25925825,7,3679340.9825,33,201,20,11,2.3916,0.0229,-12.8230,0.0223,-0.0051,4.1822,0.25,0,Galvanostatic,Gamry_1
25925825,7,3679340.9825,33,201,20,12,3.1672,0.0216,-13.0501,0.0210,-0.0049,4.1822,0.25,0,Galvanostatic,Gamry_1
25925825,7,3679340.9825,33,201,20,13,4.2344,0.0204,-12.5139,0.0200,-0.0044,4.1822,0.25,0,Galvanostatic,Gamry_1
25925825,7,3679340.9825,33,201,20,14,5.5804,0.0194,-11.5582,0.0190,-0.0039,4.1822,0.25,0,Galvanostatic,Gamry_1
25925825,7,3679340.9825,33,201,20,15,7.4405,0.0187,-10.2440,0.0184,-0.0033,4.1822,0.25,0,Galvanostatic,Gamry_1
25925825,7,3679340.9825,33,201,20,16,9.9102,0.0182,-8.8543,0.0179,-0.0028,4.1822,0.25,0,Galvanostatic,Gamry_1
25925825,7,3679340.9825,33,201,20,17,13.3168,0.0177,-7.5817,0.0176,-0.0023,4.1822,0.25,0,Galvanostatic,Gamry_1
25925825,7,3679340.9825,33,201,20,18,17.7557,0.0174,-6.5585,0.0173,-0.0020,4.1822,0.25,0,Galvanostatic,Gamry_1
25925825,7,3679340.9825,33,201,20,19,23.9158,0.0172,-5.8205,0.0171,-0.0017,4.1822,0.25,0,Galvanostatic,Gamry_1
25925825,7,3679340.9825,33,201,20,20,31.8878,0.0169,-5.2247,0.0168,-0.0015,4.1822,0.25,0,Galvanostatic,Gamry_1
25925825,7,3679340.9825,33,201,20,21,42.6136,0.0167,-4.8808,0.0167,-0.0014,4.1822,0.25,0,Galvanostatic,Gamry_1
25925825,7,3679340.9825,33,201,20,22,54.5058,0.0166,-4.4018,0.0166,-0.0013,4.1822,0.25,0,Galvanostatic,Gamry_1
25925825,7,3679340.9825,33,201,20,23,74.4048,0.0163,-4.2596,0.0162,-0.0012,4.1822,0.25,0,Galvanostatic,Gamry_1
25925825,7,3679340.9825,33,201,20,24,99.7340,0.0161,-4.0068,0.0160,-0.0011,4.1822,0.25,0,Galvanostatic,Gamry_1
25925825,7,3679340.9825,33,201,20,25,133.9286,0.0159,-3.6303,0.0158,-0.0010,4.1822,0.25,0,Galvanostatic,Gamry_1
25925825,7,3679340.9825,33,201,20,26,178.0063,0.0157,-3.4781,0.0157,-0.0010,4.1822,0.25,0,Galvanostatic,Gamry_1
25925825,7,3679340.9825,33,201,20,27,238.3475,0.0155,-3.2620,0.0155,-0.0009,4.1822,0.25,0,Galvanostatic,Gamry_1
25925825,7,3679340.9825,33,201,20,28,319.6023,0.0154,-2.9532,0.0154,-0.0008,4.1822,0.25,0,Galvanostatic,Gamry_1
25925825,7,3679340.9825,33,201,20,29,418.5268,0.0152,-2.7110,0.0152,-0.0007,4.1822,0.25,0,Galvanostatic,Gamry_1
25925825,7,3679340.9825,33,201,20,30,558.0357,0.0151,-2.3047,0.0151,-0.0006,4.1822,0.25,0,Galvanostatic,Gamry_1
25925825,7,3679340.9825,33,201,20,31,745.7386,0.0149,-1.9921,0.0149,-0.0005,4.1822,0.25,0,Galvanostatic,Gamry_1
25925825,7,3679340.9825,33,201,20,32,1004.4640,0.0148,-1.4964,0.0148,-0.0004,4.1822,0.25,0,Galvanostatic,Gamry_1
25925825,7,3679340.9825,33,201,20,33,1324.7280,0.0146,-0.8656,0.0146,-0.0002,4.1822,0.25,0,Galvanostatic,Gamry_1
25925825,7,3679340.9825,33,201,20,34,1770.8330,0.0145,-0.0330,0.0145,0.0000,4.1822,0.25,0,Galvanostatic,Gamry_1
25925825,7,3679340.9825,33,201,20,35,2343.7500,0.0144,0.9730,0.0144,0.0002,4.1822,0.25,0,Galvanostatic,Gamry_1
25925825,7,3679340.9825,33,201,20,36,3164.0630,0.0144,2.3096,0.0144,0.0006,4.1822,0.25,0,Galvanostatic,Gamry_1
25925825,7,3679340.9825,33,201,20,37,4230.1830,0.0144,3.8801,0.0144,0.0010,4.1822,0.25,0,Galvanostatic,Gamry_1
25925825,7,3679340.9825,33,201,20,38,5602.1340,0.0145,5.6209,0.0144,0.0014,4.1822,0.25,0,Galvanostatic,Gamry_1
25925825,7,3679340.9825,33,201,20,39,7431.4020,0.0146,7.7583,0.0145,0.0020,4.1822,0.25,0,Galvanostatic,Gamry_1
