Date_Time                    ,Test_Time(s),Step_Time(s),Cycle_Index,Step_Index,TC_Counter1,TC_Counter2,TC_Counter3,TC_Counter4,Current(A),Voltage(V),Power(W),Charge_Capacity(Ah),Discharge_Capacity(Ah),Mean_Voltage(V),Charge_Energy(Wh),Discharge_Energy(Wh),Charge_Time(s),Discharge_Time(s),V_Max_On_Cycle(V),Coulombic_Efficiency(%),mAh/g,Aux_Temperature_1(C),Aux_dT/dt_1(C),Aux_Temperature_2(C),Aux_dT/dt_2(C),Aux_Temperature_3(C),Aux_dT/dt_3(C)
2021/06/22 13:12:48,3600.0033,3600.0032,1.00,1.00,0.00,0.00,0.00,0.00,0,3.031812,0,0,0,,0,0,0,0,,0,0,45.21796,0.07484913,45,0,45.44411,0.04912138,
2021/06/22 15:15:33,10965.1887,7365.1452,1.00,2.00,0.00,0.00,0.00,0.00,0.04999739,4.200127,0.20999538766853,2.716191,1.562422E-05,3.82742533096779,10.38985,4.737185E-05,7360.054,0.0375,,0,0.00034,45.52372,0.03424287,45,0,45.85242,0.08985281,
2021/06/22 16:15:33,14565.2392,3600.0027,1.00,4.00,0.00,0.00,0.00,0.00,0,4.188271,0,4.485341E-08,1.562422E-05,,10.38985,4.737185E-05,7360.062,0.0375,,34833.97,0.00034,44.95275,-0.03360748,45,0,45.43937,0.06918192,
2021/06/22 18:04:03,21075.5006,6510.2236,1.00,5.00,0.00,0.00,0.00,0.00,-1.501633,2.499998,-3.754079496734,2.374091E-07,2.714182,3.70223212252982,10.38985,9.986942,7360.1,6506.022,,1143251100,59.003957,46.56079,0.117836,45,0,45.23322,0.1503241,
2021/06/22 19:04:03,24675.5611,3600.0025,1.00,8.00,0.00,0.00,0.00,0.00,0,2.933927,0,2.374091E-07,2.714188,,10.38985,9.986958,7360.1,6506.037,,1143253600,59.004087,44.74039,-0.0695312,45,0,45.08329,-0.00952363,
2021/06/22 21:18:11,32723.7304,8048.1338,1.00,9.00,0.00,0.00,0.00,0.00,0.04999835,4.199895,0.20998782017325,2.727854,2.714202,3.81933249619195,20.79947,9.986999,15402.07,6506.071,,99.5,59.004391,44.84748,0.0495553,45,0,45.14919,0.11168,
2021/06/22 21:18:14,32725.8407,2.0454,1.00,11.00,0.00,0.00,0.00,0.00,0.2500129,4.203815,1.0510079792135,2.727855,2.714202,,20.79947,9.986999,15402.08,6506.071,,99.5,59.004391,44.8483122077781,0.0496153570443527,45,0,44.9573658637243,0.0319988758411017,
2021/06/22 22:18:14,36325.8852,3600.0024,1.00,12.00,0.00,0.00,0.00,0.00,0,4.189027,0,2.727855,2.714202,,20.79947,9.986999,15402.08,6506.071,,99.5,59.004391,44.96046,-0.006947517,45,0,45.21414,0.03803134,
2021/06/22 22:28:06,36918.167,300.0029,1.00,14.00,0.00,0.00,0.00,0.00,0,4.188992,0,2.727855,2.714202,,20.79947,9.986999,15402.08,6506.071,,99.5,59.004391,44.9493,-0.001598597,45,0,45.00421,-0.04874945,
2021/06/22 22:28:16,36928.2024,10.0023,1.00,15.00,0.00,0.00,0.00,0.00,-9.046959,3.945165,-35.691746003235,2.727857,2.739275,2.66058062951279,20.79948,10.08653,15402.12,6516.047,,100.42,59.549457,44.72012,-0.06896973,45,0,44.85735,-0.1032197,
2021/06/22 22:28:56,36968.2396,40.0009,1.00,16.00,0.00,0.00,0.00,0.00,0,4.16121,0,2.727857,2.739282,,20.79948,10.08657,15402.12,6516.05,,100.42,59.549609,44.7652,-0.1104867,45,0,44.61434,-0.1640761,
2021/06/22 22:29:06,36978.275,10.0023,1.00,17.00,0.00,0.00,0.00,0.00,1.386664,4.200099,5.824126079736,2.732227,2.739366,3.20287597128369,20.81783,10.08691,15412.1,6516.083,,100.26,59.551435,44.83586,-0.08410215,45,0,44.71247,-0.105505,
2021/06/22 22:29:46,37018.3131,40.0009,1.00,18.00,0.00,0.00,0.00,0.00,0,4.168798,0,2.732228,2.739366,,20.81784,10.08691,15412.11,6516.083,,100.26,59.551435,44.80674,0.02719283,45,0,44.63532,-0.04997134,
2021/06/22 22:34:24,37295.9611,277.6076,1.00,20.00,0.00,0.00,0.00,0.00,-1.499938,4.069347,-6.103768200486,2.732239,2.854898,2.91169122498283,20.81788,10.55972,15412.13,6793.375,,104.49,62.063,44.87146,0.1168156,45,0,45.13889,0.1125276,
2021/06/22 23:04:24,39096.0011,1800.003,1.00,21.00,0.00,0.00,0.00,0.00,0,4.11483,0,2.732239,2.8549,,20.81788,10.55973,15412.13,6793.379,,104.49,62.063043,44.94946,0.1198232,45,0,45.26481,0.1476073,
2021/06/22 23:14:07,39678.9889,300.0022,1.00,14.00,1.00,0.00,0.00,0.00,0,4.11493,0,2.732239,2.8549,,20.81788,10.55973,15412.13,6793.379,,104.49,62.063043,44.47488,-0.07208228,45,0,44.8111,0.009390116,
2021/06/22 23:14:17,39689.0291,10.0029,1.00,15.00,1.00,0.00,0.00,0.00,-9.040939,3.895625,-35.220107991875,2.732239,2.879974,,20.81788,10.65786,15412.14,6803.39,,105.41,62.60813,44.85655,0.1236665,45,0,45.02117,0.07865191,
2021/06/22 23:14:57,39729.0686,40.0033,1.00,16.00,1.00,0.00,0.00,0.00,0,4.103397,0,2.732239,2.879982,,20.81788,10.65789,15412.14,6803.393,,105.41,62.608304,44.81104,0.05747676,45,0,44.63277,-0.01326084,
2021/06/22 23:15:07,39739.1065,10.003,1.00,17.00,1.00,0.00,0.00,0.00,1.790527,4.147882,7.426894713814,2.737205,2.880073,,20.83846,10.65827,15422.13,6803.43,,105.22,62.610283,44.66438,-0.1297903,45,0,44.69189,-0.08051038,
2021/06/22 23:15:47,39779.1461,40.0026,1.00,18.00,1.00,0.00,0.00,0.00,0,4.108122,0,2.737206,2.880073,,20.83847,10.65827,15422.13,6803.43,,105.22,62.610283,45.12719,0.08507013,45,0,45.15467,0.02720714,
2021/06/22 23:20:25,40056.8093,277.6204,1.00,20.00,1.00,0.00,0.00,0.00,-1.49996,4.04571,-6.0684031716,2.737223,2.995606,,20.83854,11.12683,15422.17,7080.72,,109.44,65.12187,45.04803,0.1402318,45,0,45.25369,0.1637495,
2021/06/22 23:50:25,41856.8499,1800.0028,1.00,21.00,1.00,0.00,0.00,0.00,0,4.091312,0,2.737223,2.995607,,20.83854,11.12684,15422.17,7080.724,,109.44,65.121891,44.54259,-0.1145446,45,0,44.89248,-0.08020163,
2021/06/23 00:00:31,42462.9598,300.0022,1.00,14.00,2.00,0.00,0.00,0.00,0,4.09149,0,2.737223,2.995607,,20.83854,11.12684,15422.17,7080.724,,109.44,65.121891,44.81747,0.1374447,45,0,45.14662,0.171659,
2021/06/23 00:00:41,42472.9969,10.0024,1.00,15.00,2.00,0.00,0.00,0.00,-9.047668,3.875842,-35.067331636456,2.737223,3.020698,,20.83854,11.22456,15422.18,7090.732,,110.36,65.667348,44.47809,-0.04921436,45,0,44.46442,0.03007531,
2021/06/23 00:01:21,42513.0354,40.0024,1.00,16.00,2.00,0.00,0.00,0.00,0,4.083769,0,2.737223,3.020705,,20.83854,11.22458,15422.18,7090.735,,110.36,65.6675,44.74218,0.02319455,45,0,44.51583,-0.07328033,
2021/06/23 00:01:31,42523.0757,10.0031,1.00,17.00,2.00,0.00,0.00,0.00,1.791069,4.127182,7.392067737558,2.742183,3.020796,,20.85899,11.22496,15432.16,7090.771,,110.16,65.669478,44.74094,0.008116961,45,0,44.83016,0.09171963,
2021/06/23 00:02:11,42563.1136,40.0025,1.00,18.00,2.00,0.00,0.00,0.00,0,4.088038,0,2.742185,3.020796,,20.85899,11.22496,15432.17,7090.771,,110.16,65.669478,44.99538,0.1224017,45,0,45.064,0.07097006,
2021/06/23 00:06:49,42840.7847,277.6317,1.00,20.00,2.00,0.00,0.00,0.00,-1.499907,4.026133,-6.038825069631,2.742201,3.136329,,20.85906,11.69134,15432.2,7368.063,,114.37,68.181065,45.01695,0.1263297,45,0,45.17466,0.1691628,
2021/06/23 00:36:49,44640.8238,1800.0027,1.00,21.00,2.00,0.00,0.00,0.00,0,4.07618,0,2.742201,3.136331,,20.85906,11.69135,15432.2,7368.067,,114.37,68.181109,44.84882,0.09888053,45,0,45.04771,0.137428,
2021/06/23 00:46:31,45222.9863,300.0023,1.00,14.00,3.00,0.00,0.00,0.00,0,4.076159,0,2.742201,3.136331,,20.85906,11.69135,15432.2,7368.067,,114.37,68.181109,44.47937,-0.04250407,45,0,44.82932,0.04754066,
2021/06/23 00:46:41,45233.0242,10.003,1.00,15.00,3.00,0.00,0.00,0.00,-9.045784,3.854633,-34.868177517272,2.742201,3.161422,,20.85906,11.78865,15432.2,7378.081,,115.29,68.726565,44.77774,0.1138747,45,0,45.05893,0.1288831,
2021/06/23 00:47:21,45273.0628,40.0023,1.00,16.00,3.00,0.00,0.00,0.00,0,4.064533,0,2.742201,3.16143,,20.85906,11.78868,15432.2,7378.083,,115.29,68.726739,44.90644,0.0739646,45,0,44.6596,0.01610041,
2021/06/23 00:47:31,45283.0999,10.0022,1.00,17.00,3.00,0.00,0.00,0.00,1.790894,4.110156,7.360853719464,2.747166,3.161515,,20.87944,11.78902,15442.19,7378.117,,115.08,68.728587,44.7825,-0.07410407,45,0,44.60421,-0.1448369,
2021/06/23 00:48:11,45323.1387,40.0026,1.00,18.00,3.00,0.00,0.00,0.00,0,4.071238,0,2.747168,3.161515,,20.87945,11.78902,15442.19,7378.117,,115.08,68.728587,44.67435,-0.1037407,45,0,44.61954,-0.05016923,
2021/06/23 00:52:49,45600.8532,277.6709,1.00,20.00,3.00,0.00,0.00,0.00,-1.49993,3.98688,-5.9800409184,2.747186,3.277047,,20.87952,12.25207,15442.23,7655.407,,119.29,71.240152,44.73272,-0.04688025,45,0,44.54756,-0.1497567,
2021/06/23 01:22:49,47400.8945,1800.0035,1.00,21.00,3.00,0.00,0.00,0.00,0,4.039334,0,2.747186,3.277049,,20.87952,12.25208,15442.23,7655.411,,119.29,71.240196,44.84241,0.05358577,45,0,45.14413,0.1156962,
2021/06/23 01:32:09,47961.6175,300.0031,1.00,14.00,4.00,0.00,0.00,0.00,0,4.039055,0,2.747186,3.277049,,20.87952,12.25208,15442.23,7655.411,,119.29,71.240196,44.54709,0.1168156,45,0,44.94498,0.1339424,
2021/06/23 01:32:19,47971.6568,10.0021,1.00,15.00,4.00,0.00,0.00,0.00,-9.041054,3.812851,-34.472191784954,2.747186,3.302131,,20.87952,12.34836,15442.23,7665.425,,120.2,71.785457,44.54622,-0.1072919,45,0,44.81382,-0.05796671,
2021/06/23 01:32:59,48011.6957,40.0026,1.00,16.00,4.00,0.00,0.00,0.00,0,4.022019,0,2.747186,3.302138,,20.87952,12.34839,15442.23,7665.428,,120.2,71.785609,44.85664,-0.002639294,45,0,44.62349,-0.1205122,
2021/06/23 01:33:09,48021.7326,10.0029,1.00,17.00,4.00,0.00,0.00,0.00,1.790947,4.06937,7.28802599339,2.75215,3.302211,,20.89969,12.34868,15452.22,7665.457,,119.99,71.787196,45.01048,-0.07745862,45,0,44.59992,-0.1438951,
2021/06/23 01:33:50,48061.7723,40.0026,1.00,18.00,4.00,0.00,0.00,0.00,0,4.031111,0,2.752152,3.302211,,20.89969,12.34868,15452.22,7665.457,,119.99,71.787196,44.76153,0.1249206,45,0,44.92126,0.1356542,
2021/06/23 01:38:27,48339.4657,277.6508,1.00,20.00,4.00,0.00,0.00,0.00,-1.500095,3.933188,-5.90015565286,2.752167,3.417744,,20.89976,12.806,15452.25,7942.709,,124.18,74.298783,45.04089,0.1103854,45,0,45.18489,0.168227,
2021/06/23 02:08:27,50139.5056,1800.0035,1.00,21.00,4.00,0.00,0.00,0.00,0,3.989342,0,2.752167,3.417745,,20.89976,12.80601,15452.25,7942.712,,124.18,74.298804,44.68746,-0.02972603,45,0,45.11265,0.05812168,
2021/06/23 02:18:19,50731.7283,300.0024,1.00,14.00,5.00,0.00,0.00,0.00,0,3.989642,0,2.752167,3.417745,,20.89976,12.80601,15452.25,7942.712,,124.18,74.298804,44.40983,-0.09995699,45,0,44.63633,-0.1577532,
2021/06/23 02:18:30,50741.7652,10.0022,1.00,15.00,5.00,0.00,0.00,0.00,-9.043907,3.763824,-34.039674220368,2.752167,3.442824,,20.89976,12.90106,15452.27,7952.72,,125.09,74.844,44.70998,-0.08357763,45,0,44.69633,-0.1671171,
2021/06/23 02:19:10,50781.8039,40.0025,1.00,16.00,5.00,0.00,0.00,0.00,0,3.968995,0,2.752167,3.442831,,20.89976,12.90109,15452.27,7952.723,,125.1,74.844152,44.69415,-0.02328038,45,0,44.74908,0.0645411,
2021/06/23 02:19:20,50791.8408,10.0023,1.00,17.00,5.00,0.00,0.00,0.00,1.791313,4.017557,7.196702082341,2.75713,3.442908,,20.91966,12.90139,15462.25,7952.753,,124.87,74.845826,44.79282,-0.007199049,45,0,44.6214,-0.09507895,
2021/06/23 02:20:00,50831.8796,40.0024,1.00,18.00,5.00,0.00,0.00,0.00,0,3.980605,0,2.757132,3.442908,,20.91966,12.90139,15462.26,7952.753,,124.87,74.845826,44.6291,-0.1440656,45,0,44.68404,-0.1012111,
2021/06/23 02:24:37,51109.585,277.6625,1.00,20.00,5.00,0.00,0.00,0.00,-1.499943,3.883738,-5.825385626934,2.757147,3.55844,,20.91973,13.35275,15462.29,8230.043,,129.06,77.357391,44.67764,-0.1058257,45,0,44.6091,-0.09079814,
2021/06/23 02:54:37,52909.6228,1800.0023,1.00,21.00,5.00,0.00,0.00,0.00,0,3.944769,0,2.757147,3.558442,,20.91973,13.35276,15462.29,8230.046,,129.06,77.357435,44.55399,-0.07700801,45,0,44.62268,-0.1669717,
2021/06/23 03:03:59,53471.3066,300.0022,1.00,14.00,6.00,0.00,0.00,0.00,0,3.944934,0,2.757147,3.558442,,20.91973,13.35276,15462.29,8230.046,,129.06,77.357435,44.84069,0.06977916,45,0,44.97105,-0.005284548,
2021/06/23 03:04:09,53481.343,10.0026,1.00,15.00,6.00,0.00,0.00,0.00,-9.041435,3.722012,-33.65232956722,2.757147,3.583517,,20.91973,13.44673,15462.3,8240.054,,129.97,77.902543,44.46567,-0.0682795,45,0,44.58239,-0.1325476,
2021/06/23 03:04:49,53521.3834,40.0027,1.00,16.00,6.00,0.00,0.00,0.00,0,3.922671,0,2.757147,3.583527,,20.91973,13.44676,15462.3,8240.058,,129.97,77.902761,44.58955,-0.1330435,45,0,44.65136,-0.06875396,
2021/06/23 03:04:59,53531.4235,10.0023,1.00,17.00,6.00,0.00,0.00,0.00,1.791069,3.971515,7.113257399535,2.762112,3.583623,,20.9394,13.44714,15472.28,8240.096,,129.74,77.904848,44.6328,-0.1209474,45,0,45.11798,0.1133418,
2021/06/23 03:05:39,53571.463,40.0023,1.00,18.00,6.00,0.00,0.00,0.00,0,3.936012,0,2.762113,3.583623,,20.93941,13.44714,15472.29,8240.096,,129.74,77.904848,44.75472,0.08068085,45,0,44.94911,0.1257038,
2021/06/23 03:10:17,53849.1462,277.6405,1.00,20.00,6.00,0.00,0.00,0.00,-1.500092,3.840317,-5.760828809164,2.762129,3.699156,,20.93947,13.89338,15472.32,8517.348,,133.92,80.416435,44.94583,0.1029825,45,0,45.06244,0.1587021,
2021/06/23 03:40:17,55649.1862,1800.0021,1.00,21.00,6.00,0.00,0.00,0.00,0,3.90774,0,2.762129,3.699157,,20.93947,13.89338,15472.32,8517.352,,133.92,80.416457,44.28122,-0.0437355,45,0,44.50779,-0.0973022,
2021/06/23 03:50:04,56236.3125,300.0035,1.00,14.00,7.00,0.00,0.00,0.00,0,3.908359,0,2.762129,3.699157,,20.93947,13.89338,15472.32,8517.352,,133.92,80.416457,44.45261,-0.009676218,45,0,44.88486,0.1060832,
2021/06/23 03:50:14,56246.3528,10.0021,1.00,15.00,7.00,0.00,0.00,0.00,-9.041359,3.686536,-33.331295442424,2.762129,3.724231,,20.93947,13.98645,15472.33,8527.362,,134.83,80.961543,44.87075,0.08400679,45,0,44.99422,0.02396107,
2021/06/23 03:50:54,56286.3924,40.0025,1.00,16.00,7.00,0.00,0.00,0.00,0,3.88326,0,2.762129,3.724239,,20.93947,13.98648,15472.33,8527.365,,134.83,80.961717,44.87548,-0.03680348,45,0,44.98526,0.0339067,
2021/06/23 03:51:04,56296.4301,10.0021,1.00,17.00,7.00,0.00,0.00,0.00,1.791451,3.931262,7.042663241162,2.767095,3.724319,,20.95896,13.9868,15482.32,8527.397,,134.59,80.963457,45.00156,0.1421869,45,0,44.98792,0.1421905,
2021/06/23 03:51:44,56336.4681,40.0024,1.00,18.00,7.00,0.00,0.00,0.00,0,3.897036,0,2.767097,3.724319,,20.95896,13.9868,15482.32,8527.397,,134.59,80.963457,44.59671,-0.1439404,45,0,44.48012,-0.09463191,
2021/06/23 03:56:22,56614.1832,277.6723,1.00,20.00,7.00,0.00,0.00,0.00,-1.499909,3.798779,-5.697822811111,2.767116,3.839853,,20.95904,14.42833,15482.36,8804.692,,138.77,83.475065,44.73288,0.07057071,45,0,44.67807,0.03197789,
2021/06/23 04:26:22,58414.2232,1800.002,1.00,21.00,7.00,0.00,0.00,0.00,0,3.863507,0,2.767116,3.839854,,20.95904,14.42833,15482.36,8804.695,,138.77,83.475087,44.45652,0.01790881,45,0,44.84076,0.06932139,
2021/06/23 04:35:54,58986.4928,300.003,1.00,14.00,8.00,0.00,0.00,0.00,0,3.864255,0,2.767116,3.839854,,20.95904,14.42833,15482.36,8804.695,,138.77,83.475087,44.36518,-0.07849574,45,0,44.68776,-0.1062953,
2021/06/23 04:36:04,58996.5332,10.0031,1.00,15.00,8.00,0.00,0.00,0.00,-9.043282,3.646822,-32.979239749804,2.767116,3.864929,,20.95904,14.52037,15482.37,8814.706,,139.67,84.020196,44.88926,0.1292729,45,0,44.89618,0.05637169,
2021/06/23 04:36:44,59036.572,40.0027,1.00,16.00,8.00,0.00,0.00,0.00,0,3.838268,0,2.767116,3.864937,,20.95904,14.5204,15482.37,8814.709,,139.67,84.02037,44.96855,0.1382148,45,0,45.12627,0.1361024,
2021/06/23 04:36:54,59046.6104,10.003,1.00,17.00,8.00,0.00,0.00,0.00,1.79213,3.882706,6.95831390378,2.772079,3.865018,,20.97828,14.52071,15492.36,8814.741,,139.43,84.02213,44.66172,-0.101099,45,0,44.83326,-0.09250045,
2021/06/23 04:37:34,59086.6501,40.0025,1.00,18.00,8.00,0.00,0.00,0.00,0,3.847987,0,2.772081,3.865018,,20.97828,14.52071,15492.36,8814.741,,139.43,84.02213,44.51078,-0.1194823,45,0,44.47653,-0.1837671,
2021/06/23 04:42:12,59364.3869,277.6957,1.00,20.00,8.00,0.00,0.00,0.00,-1.499906,3.754597,-5.631542567882,2.772098,3.980551,,20.97835,14.95716,15492.4,9092.035,,143.59,86.533717,44.56655,0.01186252,45,0,44.69696,-0.05461097,
2021/06/23 05:12:12,61164.4262,1800.003,1.00,21.00,8.00,0.00,0.00,0.00,0,3.799455,0,2.772098,3.980552,,20.97835,14.95716,15492.4,9092.038,,143.59,86.533739,44.84157,0.152427,45,0,45.23238,0.171603,
2021/06/23 05:22:08,61760.6889,300.0022,1.00,14.00,9.00,0.00,0.00,0.00,0,3.799615,0,2.772098,3.980552,,20.97835,14.95716,15492.4,9092.038,,143.59,86.533739,44.44781,-0.07327914,45,0,44.64686,-0.1503742,
2021/06/23 05:22:18,61770.7266,10.003,1.00,15.00,9.00,0.00,0.00,0.00,-9.044144,3.591726,-32.484087152544,2.772098,4.00562,,20.97835,15.04774,15492.42,9102.039,,144.5,87.078696,44.91935,0.07263422,45,0,45.0771,0.008300543,
2021/06/23 05:22:59,61810.7677,40.0025,1.00,16.00,9.00,0.00,0.00,0.00,0,3.784611,0,2.772098,4.00563,,20.97835,15.04778,15492.42,9102.043,,144.5,87.078913,45.00074,0.05861282,45,0,45.22014,0.1292992,
2021/06/23 05:23:09,61820.8088,10.0031,1.00,17.00,9.00,0.00,0.00,0.00,1.791451,3.827151,6.856153486101,2.777063,4.00572,,20.99733,15.04812,15502.4,9102.079,,144.24,87.08087,44.96081,0.09841204,45,0,45.28986,0.1862144,
2021/06/23 05:23:49,61860.8483,40.0026,1.00,18.00,9.00,0.00,0.00,0.00,0,3.790995,0,2.777065,4.00572,,20.99733,15.04812,15502.41,9102.079,,144.24,87.08087,44.9563,0.04464984,45,0,45.03178,-0.01109362,
2021/06/23 05:28:26,62138.5451,277.6526,1.00,20.00,9.00,0.00,0.00,0.00,-1.500156,3.705649,-5.559051581244,2.777082,4.121253,,20.9974,15.47888,15502.44,9379.327,,148.4,89.592457,44.90443,0.1341164,45,0,45.26779,0.1533103,
2021/06/23 05:58:26,63938.5843,1800.0021,1.00,21.00,9.00,0.00,0.00,0.00,0,3.752438,0,2.777082,4.121254,,20.9974,15.47889,15502.44,9379.331,,148.4,89.592478,44.77865,-0.002417564,45,0,45.25174,0.09182811,
2021/06/23 06:08:00,64512.2413,300.0023,1.00,14.00,10.00,0.00,0.00,0.00,0,3.752844,0,2.777082,4.121254,,20.9974,15.47889,15502.44,9379.331,,148.4,89.592478,44.34937,-0.142163,45,0,44.6651,-0.09708881,
2021/06/23 06:08:10,64522.2798,10.0031,1.00,15.00,10.00,0.00,0.00,0.00,-9.041794,3.539975,-32.00772471515,2.777082,4.146328,,20.9974,15.56826,15502.45,9389.342,,149.31,90.137565,44.79503,-0.1213717,45,0,44.82254,-0.1555824,
2021/06/23 06:08:50,64562.3202,40.0026,1.00,16.00,10.00,0.00,0.00,0.00,0,3.736412,0,2.777082,4.146336,,20.9974,15.56828,15502.45,9389.345,,149.31,90.137739,44.81173,0.0856483,45,0,44.72264,0.01061678,
2021/06/23 06:09:00,64572.3602,10.0021,1.00,17.00,10.00,0.00,0.00,0.00,1.791405,3.780269,6.771992787945,2.78205,4.14642,,21.01615,15.5686,15512.44,9389.378,,149.04,90.139565,44.98671,0.1275611,45,0,45.0896,0.08895516,
2021/06/23 06:09:40,64612.4022,40.0033,1.00,18.00,10.00,0.00,0.00,0.00,0,3.744353,0,2.782051,4.14642,,21.01616,15.5686,15512.45,9389.378,,149.04,90.139565,44.51345,-0.02702236,45,0,44.73991,0.04152656,
2021/06/23 06:14:18,64890.0766,277.6307,1.00,20.00,10.00,0.00,0.00,0.00,-1.500137,3.656549,-5.485324447213,2.782069,4.261953,,21.01622,15.99366,15512.48,9666.632,,153.19,92.651152,44.26852,-0.1393914,45,0,44.76265,-0.06428838,
2021/06/23 06:44:18,66690.114,1800.0019,1.00,21.00,10.00,0.00,0.00,0.00,0,3.70814,0,2.782069,4.261954,,21.01622,15.99366,15512.48,9666.633,,153.19,92.651174,44.71402,0.09846091,45,0,44.90612,0.05983591,
2021/06/23 06:53:47,67259.1253,300.0021,1.00,14.00,11.00,0.00,0.00,0.00,0,3.708387,0,2.782069,4.261954,,21.01622,15.99366,15512.48,9666.633,,153.19,92.651174,44.83273,0.07793427,45,0,45.08647,0.03717542,
2021/06/23 06:53:57,67269.1646,10.003,1.00,15.00,11.00,0.00,0.00,0.00,-9.041603,3.495773,-31.607391644119,2.782069,4.287024,,21.01622,16.08191,15512.5,9676.64,,154.09,93.196174,44.62452,-0.08489966,45,0,44.97435,-0.05914569,
2021/06/23 06:54:37,67309.2043,40.0026,1.00,16.00,11.00,0.00,0.00,0.00,0,3.690247,0,2.782069,4.287032,,21.01622,16.08194,15512.5,9676.643,,154.1,93.196348,44.83423,0.03298283,45,0,45.07426,0.1272631,
2021/06/23 06:54:47,67319.2437,10.0023,1.00,17.00,11.00,0.00,0.00,0.00,1.791252,3.733676,6.687954602352,2.787034,4.287122,,21.03473,16.08228,15522.48,9676.679,,153.82,93.198304,44.69322,0.08974195,45,0,44.94702,0.1625776,
2021/06/23 06:55:27,67359.2834,40.0027,1.00,18.00,11.00,0.00,0.00,0.00,0,3.699329,0,2.787036,4.287122,,21.03474,16.08228,15522.48,9676.679,,153.82,93.198304,44.67173,-0.004767179,45,0,44.66493,-0.08834958,
2021/06/23 07:00:05,67636.9983,277.6708,1.00,20.00,11.00,0.00,0.00,0.00,-1.499929,3.614676,-5.421757358004,2.787054,4.402656,,21.03481,16.50221,15522.52,9953.97,,157.97,95.709913,44.72693,0.0948894,45,0,45.0433,-0.1072311,
2021/06/23 07:30:05,69437.0376,1800.003,1.00,21.00,11.00,0.00,0.00,0.00,0,3.671176,0,2.787054,4.402657,,21.03481,16.50221,15522.52,9953.973,,157.97,95.709935,44.63198,0.05425811,45,0,45.06408,0.1549554,
2021/06/23 07:39:48,70020.1179,300.0022,1.00,14.00,12.00,0.00,0.00,0.00,0,3.671463,0,2.787054,4.402657,,21.03481,16.50221,15522.52,9953.973,,157.97,95.709935,44.49311,-0.1405394,45,0,44.80875,-0.129745,
2021/06/23 07:39:58,70030.1572,10.0023,1.00,15.00,12.00,0.00,0.00,0.00,-9.041664,3.461148,-31.294537270272,2.787054,4.427735,,21.03481,16.5896,15522.53,9963.985,,158.87,96.255109,44.88378,-0.0535357,45,0,44.91813,-0.1113641,
2021/06/23 07:40:38,70070.1951,40.0025,1.00,16.00,12.00,0.00,0.00,0.00,0,3.653384,0,2.787054,4.427743,,21.03481,16.58963,15522.53,9963.988,,158.87,96.255283,45.20842,0.1023757,45,0,45.16051,0.11953,
2021/06/23 07:40:48,70080.2328,10.0022,1.00,17.00,12.00,0.00,0.00,0.00,1.791466,3.696441,6.622048372506,2.792018,4.427828,,21.05313,16.58994,15532.51,9964.022,,158.59,96.25713,44.91598,-0.02757788,45,0,45.12856,0.06668448,
2021/06/23 07:41:28,70120.2717,40.0025,1.00,18.00,12.00,0.00,0.00,0.00,0,3.66213,0,2.79202,4.427828,,21.05313,16.58994,15532.52,9964.022,,158.59,96.25713,44.99033,0.0887692,45,0,45.25084,0.1273358,
2021/06/23 07:46:06,70397.9973,277.6796,1.00,20.00,12.00,0.00,0.00,0.00,-1.499967,3.580591,-5.370768340497,2.792039,4.543361,,21.0532,17.00576,15532.56,10241.31,,162.73,98.768717,45.06294,0.07927895,45,0,45.12469,0.1006985,
2021/06/23 08:16:06,72198.0358,1800.0023,1.00,21.00,12.00,0.00,0.00,0.00,0,3.636408,0,2.792039,4.543362,,21.0532,17.00577,15532.56,10241.31,,162.73,98.768739,44.86394,0.01769543,45,0,45.41914,0.09046912,
2021/06/23 08:25:58,72790.7224,300.0022,1.00,14.00,13.00,0.00,0.00,0.00,0,3.636877,0,2.792039,4.543362,,21.0532,17.00577,15532.56,10241.31,,162.73,98.768739,45.07305,0.137614,45,0,45.34037,0.1418233,
2021/06/23 08:26:08,72800.7608,10.003,1.00,15.00,13.00,0.00,0.00,0.00,-9.04351,3.427932,-31.00053732132,2.792039,4.56845,,21.0532,17.09233,15532.57,10251.33,,163.62,99.31413,44.87637,-0.06231308,45,0,44.97243,-0.06869674,
2021/06/23 08:26:49,72840.7997,40.0027,1.00,16.00,13.00,0.00,0.00,0.00,0,3.620079,0,2.792039,4.568458,,21.0532,17.09236,15532.57,10251.33,,163.62,99.314304,45.00011,-0.06051302,45,0,45.13041,-0.07120252,
2021/06/23 08:26:59,72850.8375,10.0022,1.00,17.00,13.00,0.00,0.00,0.00,1.791618,3.663002,6.562700317236,2.797005,4.568541,,21.07137,17.09266,15542.55,10251.36,,163.34,99.316109,45.38889,0.1223421,45,0,45.40266,0.1566219,
2021/06/23 08:27:39,72890.8772,40.0027,1.00,18.00,13.00,0.00,0.00,0.00,0,3.627755,0,2.797007,4.568541,,21.07137,17.09266,15542.56,10251.36,,163.34,99.316109,45.34062,0.07842422,45,0,45.27217,0.04415154,
2021/06/23 08:32:16,73168.5779,277.6564,1.00,20.00,13.00,0.00,0.00,0.00,-1.499929,3.544942,-5.317161309118,2.797025,4.684073,,21.07144,17.5045,15542.59,10528.65,,167.47,101.827674,45.31859,-0.06505132,45,0,45.35291,0.02271771,
2021/06/23 09:02:16,74968.6174,1800.0026,1.00,21.00,13.00,0.00,0.00,0.00,0,3.594994,0,2.797025,4.684074,,21.07144,17.5045,15542.59,10528.65,,167.47,101.827696,44.57455,-0.00166297,45,0,44.73927,-0.08309245,
2021/06/23 09:11:48,75539.9358,300.0023,1.00,14.00,14.00,0.00,0.00,0.00,0,3.594977,0,2.797025,4.684074,,21.07144,17.5045,15542.59,10528.65,,167.47,101.827696,44.77848,-0.06544471,45,0,44.89513,-0.1168108,
2021/06/23 09:11:58,75549.9752,10.0032,1.00,15.00,14.00,0.00,0.00,0.00,-9.041245,3.386656,-30.61958662672,2.797025,4.709146,,21.07144,17.58997,15542.6,10538.66,,168.36,102.372739,44.75703,-0.01929164,45,0,44.85997,-0.07498622,
2021/06/23 09:12:38,75590.0141,40.0027,1.00,16.00,14.00,0.00,0.00,0.00,0,3.579171,0,2.797025,4.709153,,21.07144,17.58999,15542.6,10538.67,,168.36,102.372891,45.42676,0.1154625,45,0,45.36517,0.1669014,
2021/06/23 09:12:48,75600.054,10.0023,1.00,17.00,14.00,0.00,0.00,0.00,1.791328,3.622666,6.489383040448,2.801991,4.709246,,21.0894,17.59032,15552.59,10538.7,,168.07,102.374913,45.07573,-0.02169967,45,0,44.82897,-0.07954359,
2021/06/23 09:13:28,75640.0937,40.0027,1.00,18.00,14.00,0.00,0.00,0.00,0,3.587436,0,2.801992,4.709246,,21.08941,17.59032,15552.59,10538.7,,168.07,102.374913,45.25096,-0.02869129,45,0,45.3538,0.03982544,
2021/06/23 09:18:06,75917.811,277.6745,1.00,20.00,14.00,0.00,0.00,0.00,-1.499962,3.498046,-5.246936074252,2.802008,4.824779,,21.08946,17.99726,15552.63,10816,,172.19,104.8865,45.19713,-0.1231217,45,0,44.88871,-0.1446104,
2021/06/23 09:48:06,77717.8488,1800.0021,1.00,21.00,14.00,0.00,0.00,0.00,0,3.547639,0,2.802008,4.82478,,21.08946,17.99726,15552.63,10816,,172.19,104.886522,44.98728,0.09775519,45,0,45.11073,0.09773016,
2021/06/23 09:57:20,78272.5823,300.0024,1.00,14.00,15.00,0.00,0.00,0.00,0,3.54815,0,2.802008,4.82478,,21.08946,17.99726,15552.63,10816,,172.19,104.886522,44.95774,0.09561658,45,0,45.37586,0.1748145,
2021/06/23 09:57:30,78282.6201,10.0024,1.00,15.00,15.00,0.00,0.00,0.00,-9.042877,3.335164,-30.159477826828,2.802008,4.849852,,21.08946,18.08148,15552.64,10826.01,,173.08,105.431565,44.88636,-0.1246548,45,0,44.83156,-0.09890676,
2021/06/23 09:58:10,78322.6596,40.0018,1.00,16.00,15.00,0.00,0.00,0.00,0,3.52881,0,2.802008,4.849861,,21.08946,18.08151,15552.64,10826.01,,173.09,105.431761,44.99992,-0.1295328,45,0,45.03426,-0.08028507,
2021/06/23 09:58:20,78332.6982,10.003,1.00,17.00,15.00,0.00,0.00,0.00,1.79055,3.573036,6.3976996098,2.806971,4.849948,,21.10717,18.08182,15562.62,10826.05,,172.78,105.433652,45.2045,-0.02025247,45,0,44.9441,-0.1102138,
2021/06/23 09:59:00,78372.7379,40.0026,1.00,18.00,15.00,0.00,0.00,0.00,0,3.537584,0,2.806973,4.849948,,21.10717,18.08182,15562.62,10826.05,,172.78,105.433652,44.86227,-0.0219655,45,0,44.91719,0.06368279,
2021/06/23 10:03:38,78650.4103,277.6281,1.00,20.00,15.00,0.00,0.00,0.00,-1.50011,3.446888,-5.17071115768,2.80699,4.965481,,21.10723,18.48246,15562.66,11103.3,,176.9,107.945239,45.10855,-0.01042843,45,0,45.12233,0.09883761,
2021/06/23 10:33:38,80450.4497,1800.0022,1.00,21.00,15.00,0.00,0.00,0.00,0,3.49369,0,2.80699,4.965482,,21.10723,18.48246,15562.66,11103.3,,176.9,107.945261,44.99442,0.09538651,45,0,45.20695,0.1167738,
2021/06/23 10:43:18,81030.6218,300.0022,1.00,14.00,16.00,0.00,0.00,0.00,0,3.494272,0,2.80699,4.965482,,21.10723,18.48246,15562.66,11103.3,,176.9,107.945261,44.92719,-0.009820461,45,0,45.05065,-0.09547949,
2021/06/23 10:43:28,81040.6588,10.0022,1.00,15.00,16.00,0.00,0.00,0.00,-9.044144,3.282847,-29.690540997968,2.80699,4.990561,,21.10723,18.56539,15562.67,11113.31,,177.79,108.490457,45.08838,0.1151872,45,0,45.3557,0.1023233,
2021/06/23 10:44:08,81080.6968,40.0026,1.00,16.00,16.00,0.00,0.00,0.00,0,3.480758,0,2.80699,4.990569,,21.10723,18.56541,15562.67,11113.31,,177.79,108.49063,45.00274,-0.01581669,45,0,44.86568,-0.09079695,
2021/06/23 10:44:18,81090.7345,10.0021,1.00,17.00,16.00,0.00,0.00,0.00,1.79171,3.524433,6.31476185043,2.811953,4.990653,,21.1247,18.56571,15572.65,11113.35,,177.48,108.492457,44.96248,-0.03505826,45,0,45.02424,0.04635334,
2021/06/23 10:44:59,81130.7749,40.0025,1.00,18.00,16.00,0.00,0.00,0.00,0,3.488099,0,2.811954,4.990653,,21.1247,18.56571,15572.66,11113.35,,177.48,108.492457,45.19591,0.1365519,45,0,45.3193,0.09801388,
2021/06/23 10:49:36,81408.4741,277.6548,1.00,20.00,16.00,0.00,0.00,0.00,-1.500093,3.404624,-5.107252630032,2.811972,5.106186,,21.12476,18.96154,15572.69,11390.6,,181.59,111.004043,45.48687,0.1306832,45,0,45.24717,0.05575895,
2021/06/23 11:19:36,83208.5139,1800.0019,1.00,21.00,16.00,0.00,0.00,0.00,0,3.463147,0,2.811972,5.106188,,21.12476,18.96154,15572.69,11390.6,,181.59,111.004087,44.64828,-0.08587718,45,0,44.97068,-0.05155444,
2021/06/23 11:29:25,83797.2254,300.0029,1.00,14.00,17.00,0.00,0.00,0.00,0,3.463647,0,2.811972,5.106188,,21.12476,18.96154,15572.69,11390.6,,181.59,111.004087,44.55127,-0.05200028,45,0,44.58565,-0.1548457,
2021/06/23 11:29:35,83807.2641,10.0031,1.00,15.00,17.00,0.00,0.00,0.00,-9.041451,3.222219,-29.133535199769,2.811972,5.131258,,21.12476,19.04324,15572.7,11400.61,,182.48,111.549087,44.95809,-0.02746344,45,0,44.73185,-0.09603262,
2021/06/23 11:30:15,83847.3043,40.0031,1.00,16.00,17.00,0.00,0.00,0.00,0,3.441801,0,2.811972,5.131266,,21.12476,19.04326,15572.7,11400.62,,182.48,111.549261,45.27243,0.009628534,45,0,45.14914,0.06746888,
2021/06/23 11:30:25,83857.344,10.0024,1.00,17.00,17.00,0.00,0.00,0.00,1.793358,3.4917,6.2618681286,2.816941,5.131348,,21.14207,19.04354,15582.69,11400.65,,182.16,111.551043,44.82512,-0.1520884,45,0,44.70858,-0.1264215,
2021/06/23 11:31:05,83897.3858,40.0025,1.00,18.00,17.00,0.00,0.00,0.00,0,3.453958,0,2.816943,5.131348,,21.14208,19.04354,15582.7,11400.65,,182.16,111.551043,44.75481,-0.09139299,45,0,44.67257,-0.03998756,
2021/06/23 11:35:43,84175.1426,277.7155,1.00,20.00,17.00,0.00,0.00,0.00,-1.499679,3.297112,-4.944609627048,2.816957,5.24688,,21.14213,19.43097,15582.72,11677.98,,186.26,114.062609,45.64614,0.139432,45,0,44.99534,0.1117373,
2021/06/23 12:05:43,85975.1819,1800.0023,1.00,21.00,17.00,0.00,0.00,0.00,0,3.370937,0,2.816957,5.246881,,21.14213,19.43098,15582.72,11677.99,,186.26,114.06263,45.18731,0.04255891,45,0,45.46827,0.09392977,
2021/06/23 12:15:24,86556.3875,300.0035,1.00,14.00,18.00,0.00,0.00,0.00,0,3.373441,0,2.816957,5.246881,,21.14213,19.43098,15582.72,11677.99,,186.26,114.06263,44.8574,0.0754261,45,0,44.91917,0.01111746,
2021/06/23 12:15:34,86566.4271,10.0032,1.00,15.00,18.00,0.00,0.00,0.00,-9.041458,3.094995,-27.98326730271,2.816957,5.271965,,21.14213,19.50992,15582.73,11688,,187.15,114.607935,44.9941,-0.05690336,45,0,45.02158,-0.00549674,
2021/06/23 12:16:14,86606.4682,40.0031,1.00,16.00,18.00,0.00,0.00,0.00,0,3.317092,0,2.816957,5.271973,,21.14213,19.50994,15582.73,11688,,187.15,114.608109,45.60643,0.04056692,45,0,45.29143,-0.04083157,
2021/06/23 12:16:24,86616.5099,10.0028,1.00,17.00,18.00,0.00,0.00,0.00,1.791336,3.373802,6.043612979472,2.821921,5.272064,,21.15882,19.51024,15592.72,11688.04,,186.83,114.610087,45.51568,0.1032948,45,0,45.12523,0.1033735,
2021/06/23 12:17:04,86656.5512,40.0026,1.00,18.00,18.00,0.00,0.00,0.00,0,3.334069,0,2.821922,5.272064,,21.15883,19.51024,15592.72,11688.04,,186.83,114.610087,45.1937,-0.02035499,45,0,45.21432,0.08459687,
2021/06/23 12:21:42,86934.2079,277.6133,1.00,20.00,18.00,0.00,0.00,0.00,-1.500141,3.112493,-4.669178361513,2.821939,5.387598,,21.15888,19.87982,15592.75,11965.3,,190.92,117.121696,45.74894,-0.0930357,45,0,45.0023,-0.1016808,
2021/06/23 12:51:42,88734.2465,1800.0022,1.00,21.00,18.00,0.00,0.00,0.00,0,3.213417,0,2.821939,5.387599,,21.15888,19.87982,15592.75,11965.3,,190.92,117.121717,44.69832,-0.1281691,45,0,44.90414,-0.08957386,
2021/06/23 13:01:21,89312.8683,300.0031,1.00,14.00,19.00,0.00,0.00,0.00,0,3.218351,0,2.821939,5.387599,,21.15888,19.87982,15592.75,11965.3,,190.92,117.121717,44.76695,-0.02851844,45,0,45.00016,0.05925655,
2021/06/23 13:01:31,89322.9061,10.0022,1.00,15.00,19.00,0.00,0.00,0.00,-9.041206,2.879777,-26.036657091062,2.82194,5.412676,,21.15888,19.95392,15592.77,11975.31,,191.81,117.66687,45.62698,0.1487589,45,0,45.39419,0.1616836,
2021/06/23 13:02:11,89362.9446,40.0025,1.00,16.00,19.00,0.00,0.00,0.00,0,3.134457,0,2.82194,5.412683,,21.15888,19.95395,15592.77,11975.31,,191.81,117.667022,45.58248,0.08708835,45,0,45.43872,0.1620924,
2021/06/23 13:02:21,89372.9827,10.0033,1.00,17.00,19.00,0.00,0.00,0.00,1.790565,3.204253,5.737423272945,2.826902,5.412776,,21.17471,19.95424,15602.75,11975.35,,191.47,117.669043,45.49345,-0.1285553,45,0,45.04129,-0.1200485,
2021/06/23 13:03:01,89413.0244,40.0023,1.00,18.00,19.00,0.00,0.00,0.00,0,3.16239,0,2.826904,5.412776,,21.17471,19.95424,15602.75,11975.35,,191.47,117.669043,45.23572,-0.1102376,45,0,45.15355,-0.09099364,
2021/06/23 13:07:38,89690.726,277.6564,1.00,20.00,19.00,0.00,0.00,0.00,-1.499997,2.625252,-3.937870124244,2.826922,5.528309,,21.17477,20.29338,15602.79,12252.64,,195.56,120.18063,46.06544,-0.06412268,45,0,45.4747,0.01619935,
2021/06/23 13:37:38,91490.7642,1800.0019,1.00,21.00,19.00,0.00,0.00,0.00,0,2.919131,0,2.826922,5.528311,,21.17477,20.29338,15602.79,12252.65,,195.56,120.180674,44.7626,-0.1327002,45,0,44.98896,-0.113374,
2021/06/23 14:07:39,93290.8099,1800.0037,1.00,24.00,20.00,0.00,0.00,0.00,0,2.949883,0,2.826922,5.528311,,21.17477,20.29338,15602.79,12252.65,,195.56,120.180674,44.69654,-0.0004076958,45,0,44.71719,-0.08612514,
2021/06/23 16:21:05,101297.0901,8006.2214,1.00,28.00,0.00,0.00,0.00,0.00,0.04998592,4.200018,0.20994176374656,5.544319,5.528325,3.82167163800798,31.55005,20.29342,23602.67,12252.68,,99.71,120.180978,45.12555,0.08002996,45,0,45.35175,0.1142967,
2021/06/23 16:51:05,103097.1345,1800.0025,1.00,29.00,0.00,0.00,0.00,0.00,0,4.191163,0,5.544319,5.528325,,31.55005,20.29342,23602.67,12252.68,,99.71,120.180978,45.24489,0.1217818,45,0,45.40254,0.1003253,
2021/06/23 16:51:07,103099.2034,2.027,1.00,11.00,0.00,1.00,0.00,0.00,0.2500117,4.196353,1.0491373473301,5.544319,5.528325,,31.55005,20.29342,23602.67,12252.68,,99.71,120.180978,45.2431455997931,0.121325841344565,45,0,45.3987598412685,0.0971978556632105,
2021/06/23 17:51:07,106699.2416,3600.0012,1.00,12.00,0.00,1.00,0.00,0.00,0,4.187224,0,5.544319,5.528325,,31.55005,20.29342,23602.67,12252.68,,99.71,120.180978,45.10406,-0.03691673,45,0,45.77325,0.05295515,
2021/06/23 18:00:48,107280.761,300.0023,1.00,14.00,0.00,1.00,0.00,0.00,0,4.187329,0,5.544319,5.528325,,31.55005,20.29342,23602.67,12252.68,,99.71,120.180978,45.36881,-0.06008267,45,0,45.37572,-0.128547,
2021/06/23 18:00:59,107290.7981,10.0024,1.00,15.00,0.00,1.00,0.00,0.00,-18.07695,3.726519,-67.36409763705,5.544321,5.578422,,31.55006,20.48203,23602.72,12262.66,,100.62,121.270043,46.13682,0.1380742,45,0,45.57568,0.1061022,
2021/06/23 18:01:39,107330.8375,40.0025,1.00,16.00,0.00,1.00,0.00,0.00,0,4.140417,0,5.544321,5.578437,,31.55006,20.48209,23602.72,12262.66,,100.62,121.27037,46.57101,0.09558797,45,0,45.79135,0.132122,
2021/06/23 18:01:49,107340.8753,10.0022,1.00,17.00,0.00,1.00,0.00,0.00,2.243425,4.200061,9.422521848925,5.551378,5.578606,,31.57969,20.48279,23612.7,12262.69,,100.49,121.274043,46.31807,-0.1018572,45,0,45.30513,-0.06137609,
2021/06/23 18:02:29,107380.9173,40.0026,1.00,18.00,0.00,1.00,0.00,0.00,0,4.15048,0,5.55138,5.578606,,31.5797,20.48279,23612.71,12262.69,,100.49,121.274043,46.02604,-0.06919742,45,0,45.25925,-0.1206601,
2021/06/23 18:06:18,107610.4381,229.4766,1.00,20.00,0.00,1.00,0.00,0.00,-1.499908,4.068579,-6.102494190732,5.551403,5.674081,,31.5798,20.87291,23612.74,12491.84,,102.21,123.349587,45.39529,-0.02714753,45,0,45.16239,-0.08496761,
2021/06/23 18:36:18,109410.4775,1800.0032,1.00,21.00,0.00,1.00,0.00,0.00,0,4.113681,0,5.551403,5.674083,,31.5798,20.87292,23612.74,12491.85,,102.21,123.34963,45.12471,-0.1100552,45,0,45.18646,-0.1442349,
2021/06/23 18:45:57,109989.7191,300.0024,1.00,14.00,1.00,1.00,0.00,0.00,0,4.114103,0,5.551403,5.674083,,31.5798,20.87292,23612.74,12491.85,,102.21,123.34963,44.79531,0.06065488,45,0,45.18615,0.1013327,
2021/06/23 18:46:07,109999.7569,10.0022,1.00,15.00,1.00,1.00,0.00,0.00,-18.07555,3.691192,-66.7203255556,5.551403,5.724201,,31.5798,21.05939,23612.75,12501.86,,103.11,124.439152,45.33636,-0.07987618,45,0,45.15142,-0.02637744,
2021/06/23 18:46:48,110039.7979,40.0031,1.00,16.00,1.00,1.00,0.00,0.00,0,4.095249,0,5.551403,5.724217,,31.5798,21.05945,23612.75,12501.86,,103.11,124.4395,45.74856,-0.1115823,45,0,44.91965,-0.0539422,
2021/06/23 18:46:58,110049.8366,10.0023,1.00,17.00,1.00,1.00,0.00,0.00,3.608986,4.180963,15.089036933518,5.561405,5.724375,,31.62154,21.0601,23622.74,12501.89,,102.93,124.442935,45.78279,0.05586028,45,0,45.05676,0.1223505,
2021/06/23 18:47:38,110089.8762,40.0026,1.00,18.00,1.00,1.00,0.00,0.00,0,4.10291,0,5.561408,5.724375,,31.62155,21.0601,23622.75,12501.89,,102.93,124.442935,45.55429,-0.1124537,45,0,44.89651,-0.1275885,
2021/06/23 18:51:27,110319.3573,229.4385,1.00,20.00,1.00,1.00,0.00,0.00,-1.500185,4.045347,-6.068768889195,5.56144,5.81985,,31.62168,21.44713,23622.78,12731.01,,104.65,126.518478,45.45674,0.05579472,45,0,45.22387,0.1029539,
2021/06/23 19:21:27,112119.398,1800.0036,1.00,21.00,1.00,1.00,0.00,0.00,0,4.091206,0,5.56144,5.819852,,31.62168,21.44714,23622.78,12731.01,,104.65,126.518522,44.67801,-0.01325965,45,0,45.00725,0.05313635,
2021/06/23 19:31:01,112693.0365,300.0023,1.00,14.00,2.00,1.00,0.00,0.00,0,4.09117,0,5.56144,5.819852,,31.62168,21.44714,23622.78,12731.01,,104.65,126.518522,44.70168,0.02023458,45,0,44.69489,-0.06549716,
2021/06/23 19:31:11,112703.0751,10.0024,1.00,15.00,2.00,1.00,0.00,0.00,-18.07404,3.673386,-66.39292549944,5.56144,5.869963,,31.62168,21.63288,23622.79,12741.03,,105.55,127.607891,45.25653,0.04321575,45,0,44.95501,0.08610845,
2021/06/23 19:31:51,112743.1137,40.0025,1.00,16.00,2.00,1.00,0.00,0.00,0,4.075778,0,5.56144,5.869977,,31.62168,21.63293,23622.79,12741.03,,105.55,127.608196,45.73211,-0.0972712,45,0,44.62196,-0.06103396,
2021/06/23 19:32:01,112753.1515,10.0022,1.00,17.00,2.00,1.00,0.00,0.00,3.608505,4.162082,15.01889370741,5.571438,5.87015,,31.66321,21.63364,23632.77,12741.06,,105.36,127.611957,46.13715,0.1210964,45,0,45.08958,0.1492167,
2021/06/23 19:32:41,112793.1927,40.0034,1.00,18.00,2.00,1.00,0.00,0.00,0,4.085395,0,5.571441,5.87015,,31.66322,21.63364,23632.77,12741.06,,105.36,127.611957,45.99059,0.1540589,45,0,45.25116,0.1757193,
2021/06/23 19:36:30,113022.7009,229.463,1.00,20.00,2.00,1.00,0.00,0.00,-1.499917,4.025824,-6.038401856608,5.571476,5.965625,,31.66337,22.01893,23632.81,12970.21,,107.07,129.6875,45.31305,0.002379417,45,0,44.80585,-0.106889,
2021/06/23 20:06:30,114822.741,1800.0029,1.00,21.00,2.00,1.00,0.00,0.00,0,4.075671,0,5.571476,5.965627,,31.66337,22.01894,23632.81,12970.22,,107.07,129.687543,44.64097,-0.01503706,45,0,44.69592,-0.0878942,
2021/06/23 20:16:35,115427.6109,300.0023,1.00,14.00,3.00,1.00,0.00,0.00,0,4.075664,0,5.571476,5.965627,,31.66337,22.01894,23632.81,12970.22,,107.07,129.687543,44.9822,0.1150846,45,0,45.04396,0.1300752,
2021/06/23 20:16:45,115437.6482,10.0033,1.00,15.00,3.00,1.00,0.00,0.00,-18.07726,3.648493,-65.95475656918,5.571476,6.015757,,31.66337,22.20388,23632.82,12980.23,,107.97,130.777326,45.55436,0.1267183,45,0,45.08168,0.0239706,
2021/06/23 20:17:25,115477.6909,40.0034,1.00,16.00,3.00,1.00,0.00,0.00,0,4.047781,0,5.571476,6.015777,,31.66337,22.20395,23632.82,12980.23,,107.97,130.777761,46.10823,0.1082814,45,0,45.1497,0.06565571,
2021/06/23 20:17:35,115487.7317,10.003,1.00,17.00,3.00,1.00,0.00,0.00,3.608795,4.141146,14.94454697907,5.581477,6.015965,,31.70465,22.20472,23642.8,12980.27,,107.78,130.781848,46.1219,0.06145239,45,0,45.10172,0.1065814,
2021/06/23 20:18:16,115527.7713,40.0026,1.00,18.00,3.00,1.00,0.00,0.00,0,4.06606,0,5.581481,6.015965,,31.70467,22.20472,23642.81,12980.27,,107.78,130.781848,45.54921,-0.1465118,45,0,44.74741,-0.1253271,
2021/06/23 20:22:05,115757.2857,229.4701,1.00,20.00,3.00,1.00,0.00,0.00,-1.499949,3.985983,-5.978771214867,5.581516,6.111441,,31.70481,22.58706,23642.84,13209.42,,109.49,132.857413,45.46225,0.1050591,45,0,44.97578,0.01085758,
2021/06/23 20:52:05,117557.325,1800.0029,1.00,21.00,3.00,1.00,0.00,0.00,0,4.038087,0,5.581516,6.111443,,31.70481,22.58707,23642.84,13209.42,,109.49,132.857457,44.70256,-0.02506852,45,0,44.82609,-0.06362677,
2021/06/23 21:01:35,118126.8713,300.0023,1.00,14.00,4.00,1.00,0.00,0.00,0,4.038324,0,5.581516,6.111443,,31.70481,22.58707,23642.84,13209.42,,109.49,132.857457,45.01709,0.1216435,45,0,45.28444,0.1708734,
2021/06/23 21:01:45,118136.9133,10.0032,1.00,15.00,4.00,1.00,0.00,0.00,-18.07606,3.604971,-65.16367209426,5.581516,6.161574,,31.70481,22.77004,23642.85,13219.44,,110.39,133.947261,45.32386,0.07382631,45,0,45.07722,0.1209939,
2021/06/23 21:02:25,118176.9526,40.0031,1.00,16.00,4.00,1.00,0.00,0.00,0,3.997821,0,5.581516,6.161588,,31.70481,22.77009,23642.85,13219.44,,110.39,133.947565,45.79499,-0.1179934,45,0,44.96615,-0.09677768,
2021/06/23 21:02:35,118186.992,10.0021,1.00,17.00,4.00,1.00,0.00,0.00,3.610229,4.092767,14.775826113643,5.59152,6.161766,,31.7456,22.7708,23652.83,13219.48,,110.2,133.951435,46.03242,-0.05666256,45,0,44.92979,-0.1445758,
2021/06/23 21:03:15,118227.0324,40.0034,1.00,18.00,4.00,1.00,0.00,0.00,0,4.021642,0,5.591524,6.161766,,31.74561,22.7708,23652.84,13219.48,,110.2,133.951435,45.62339,-0.0004303455,45,0,44.81485,0.07881284,
2021/06/23 21:07:04,118456.5174,229.4422,1.00,20.00,4.00,1.00,0.00,0.00,-1.500122,3.932412,-5.899097754264,5.591559,6.257241,,31.74575,23.14829,23652.87,13448.6,,111.91,136.026978,45.23211,-0.09994507,45,0,44.82772,-0.1042557,
2021/06/23 21:37:04,120256.5549,1800.0019,1.00,21.00,4.00,1.00,0.00,0.00,0,3.988221,0,5.591559,6.257242,,31.74575,23.1483,23652.87,13448.6,,111.91,136.027,44.80141,-0.07017255,45,0,44.84262,-0.1601124,
2021/06/23 21:46:56,120848.2504,300.0023,1.00,14.00,5.00,1.00,0.00,0.00,0,3.988653,0,5.591559,6.257242,,31.74575,23.1483,23652.87,13448.6,,111.91,136.027,44.84214,-0.09602904,45,0,44.82849,-0.1216805,
2021/06/23 21:47:06,120858.2905,10.003,1.00,15.00,5.00,1.00,0.00,0.00,-18.07669,3.559052,-64.33587969788,5.591559,6.307356,,31.74575,23.32886,23652.88,13458.61,,112.8,137.116435,45.53429,-0.04203916,45,0,44.72295,-0.119195,
2021/06/23 21:47:46,120898.3294,40.0026,1.00,16.00,5.00,1.00,0.00,0.00,0,3.945002,0,5.591559,6.307372,,31.74575,23.32891,23652.88,13458.61,,112.8,137.116783,45.61727,-0.09948015,45,0,45.29202,0.1616061,
2021/06/23 21:47:56,120908.3663,10.0023,1.00,17.00,5.00,1.00,0.00,0.00,3.608238,4.034657,14.558002704366,5.601562,6.30753,,31.78598,23.32954,23662.87,13458.65,,112.6,137.120217,45.7252,-0.1375258,45,0,44.8894,0.1461029,
2021/06/23 21:48:36,120948.4042,40.0025,1.00,18.00,5.00,1.00,0.00,0.00,0,3.969557,0,5.601565,6.30753,,31.78599,23.32954,23662.88,13458.65,,112.6,137.120217,45.91808,0.1147044,45,0,45.31558,0.1170325,
2021/06/23 21:52:26,121177.8597,229.412,1.00,20.00,5.00,1.00,0.00,0.00,-1.500149,3.883266,-5.825477606634,5.601594,6.403006,,31.78611,23.70214,23662.91,13687.76,,114.31,139.195783,45.63187,0.1003611,45,0,45.08433,0.04043937,
2021/06/23 22:22:26,122977.899,1800.0022,1.00,21.00,5.00,1.00,0.00,0.00,0,3.94389,0,5.601594,6.403007,,31.78611,23.70214,23662.91,13687.77,,114.31,139.195804,44.55138,-0.07245541,45,0,44.77783,-0.01673102,
2021/06/23 22:32:35,123587.4201,300.0022,1.00,14.00,6.00,1.00,0.00,0.00,0,3.943998,0,5.601594,6.403007,,31.78611,23.70214,23662.91,13687.77,,114.31,139.195804,44.84503,-0.01862645,45,0,45.24954,0.09490728,
2021/06/23 22:32:45,123597.4586,10.0021,1.00,15.00,6.00,1.00,0.00,0.00,-18.07711,3.520062,-63.63254798082,5.601594,6.453141,,31.78611,23.88075,23662.91,13697.78,,115.2,140.285674,45.28886,0.02652645,45,0,44.84338,-0.0591886,
2021/06/23 22:33:25,123637.4983,40.0027,1.00,16.00,6.00,1.00,0.00,0.00,0,3.901315,0,5.601594,6.453156,,31.78611,23.8808,23662.91,13697.79,,115.2,140.286,45.56931,-0.0330174,45,0,44.79498,-0.06735086,
2021/06/23 22:33:35,123647.5385,10.0022,1.00,17.00,6.00,1.00,0.00,0.00,3.608398,3.986424,14.384604388752,5.611597,6.453348,,31.82587,23.88155,23672.89,13697.83,,115,140.290174,46.03344,0.1251125,45,0,45.06106,0.1103473,
2021/06/23 22:34:15,123687.578,40.0025,1.00,18.00,6.00,1.00,0.00,0.00,0,3.923695,0,5.6116,6.453348,,31.82588,23.88155,23672.9,13697.83,,115,140.290174,45.41645,-0.06793141,45,0,44.73106,-0.06372571,
2021/06/23 22:38:05,123917.0845,229.4628,1.00,20.00,6.00,1.00,0.00,0.00,-1.49991,3.840191,-5.75994088281,5.611634,6.548824,,31.82602,24.24997,23672.93,13926.98,,116.7,142.365739,45.38395,0.0196898,45,0,44.92482,-0.03816128,
2021/06/23 23:08:05,125717.124,1800.0024,1.00,21.00,6.00,1.00,0.00,0.00,0,3.907081,0,5.611634,6.548825,,31.82602,24.24998,23672.93,13926.98,,116.7,142.365761,44.74078,-0.1005721,45,0,45.08368,-0.02984762,
2021/06/23 23:17:41,126292.9494,300.0022,1.00,14.00,7.00,1.00,0.00,0.00,0,3.907534,0,5.611634,6.548825,,31.82602,24.24998,23672.93,13926.98,,116.7,142.365761,44.72273,0.08907318,45,0,45.12048,0.1233232,
2021/06/23 23:17:51,126302.9883,10.0033,1.00,15.00,7.00,1.00,0.00,0.00,-18.07526,3.484152,-62.97695327952,5.611634,6.598927,,31.82602,24.4267,23672.94,13936.99,,117.59,143.454935,45.42065,-0.01016617,45,0,45.2837,0.06478667,
2021/06/23 23:18:31,126343.0285,40.0033,1.00,16.00,7.00,1.00,0.00,0.00,0,3.863045,0,5.611634,6.598943,,31.82602,24.42675,23672.94,13936.99,,117.59,143.455283,45.84857,0.02472878,45,0,44.92383,-0.07805943,
2021/06/23 23:18:41,126353.0679,10.0031,1.00,17.00,7.00,1.00,0.00,0.00,3.609138,3.946443,14.243257396134,5.621641,6.599116,,31.86541,24.42742,23682.93,13937.02,,117.39,143.459043,45.60894,-0.1199174,45,0,44.68377,-0.1093662,
2021/06/23 23:19:21,126393.1076,40.0027,1.00,18.00,7.00,1.00,0.00,0.00,0,3.881168,0,5.621644,6.599116,,31.86543,24.42742,23682.93,13937.02,,117.39,143.459043,45.46685,-0.07022262,45,0,44.75409,-0.1217353,
2021/06/23 23:23:10,126622.6205,229.4687,1.00,20.00,7.00,1.00,0.00,0.00,-1.499897,3.798623,-5.697543241831,5.621681,6.694592,,31.86557,24.79191,23682.97,14166.18,,119.09,145.534609,45.11658,-0.1142764,45,0,45.12349,-0.07788777,
2021/06/23 23:53:10,128422.6598,1800.0022,1.00,21.00,7.00,1.00,0.00,0.00,0,3.861691,0,5.621681,6.694593,,31.86557,24.79191,23682.97,14166.18,,119.09,145.53463,44.84833,-0.04099727,45,0,44.91011,-0.1031053,
2021/06/24 00:03:13,129025.2984,300.0022,1.00,14.00,8.00,1.00,0.00,0.00,0,3.862779,0,5.621681,6.694593,,31.86557,24.79191,23682.97,14166.18,,119.09,145.53463,44.92977,0.0602591,45,0,45.3205,0.09880304,
2021/06/24 00:03:23,129035.338,10.0023,1.00,15.00,8.00,1.00,0.00,0.00,-18.07636,3.442445,-62.2268751002,5.621681,6.744696,,31.86557,24.96657,23682.98,14176.19,,119.98,146.623826,45.5302,0.02782106,45,0,45.36588,0.1006472,
2021/06/24 00:04:03,129075.3776,40.0025,1.00,16.00,8.00,1.00,0.00,0.00,0,3.821023,0,5.621681,6.744712,,31.86557,24.96662,23682.98,14176.19,,119.98,146.624174,45.98711,0.157491,45,0,45.186,0.1448774,
2021/06/24 00:04:13,129085.4167,10.0027,1.00,17.00,8.00,1.00,0.00,0.00,3.60923,3.904234,14.09127847982,5.631687,6.744871,,31.90454,24.96723,23692.97,14176.23,,119.77,146.62763,45.62777,-0.07154942,45,0,44.72321,-0.1273394,
2021/06/24 00:04:53,129125.4573,40.0035,1.00,18.00,8.00,1.00,0.00,0.00,0,3.834251,0,5.63169,6.744871,,31.90455,24.96723,23692.97,14176.23,,119.77,146.62763,45.60468,-0.08917451,45,0,45.228,-0.03572464,
2021/06/24 00:08:43,129354.931,229.4303,1.00,20.00,8.00,1.00,0.00,0.00,-1.500155,3.753627,-5.631022312185,5.631722,6.840346,,31.90468,25.32747,23693,14405.35,,121.46,148.703174,44.82263,-0.08074164,45,0,44.9804,-0.09570718,
2021/06/24 00:38:43,131154.970299,1800.0028,1.00,21.00,8.00,1.00,0.00,0.00,0,3.798411,0,5.631722,6.840347,,31.90468,25.32747,23693,14405.35,,121.46,148.703196,45.04374,0.07490396,45,0,45.30422,0.008440018,
2021/06/24 00:48:29,131741.2337,300.0022,1.00,14.00,9.00,1.00,0.00,0.00,0,3.798844,0,5.631722,6.840347,,31.90468,25.32747,23693,14405.35,,121.46,148.703196,44.8548,-0.003207922,45,0,44.90972,-0.09745836,
2021/06/24 00:48:39,131751.2715,10.0022,1.00,15.00,9.00,1.00,0.00,0.00,-18.07507,3.385283,-61.18922719481,5.631722,6.890437,,31.90468,25.49913,23693.02,14415.36,,122.35,149.792109,45.09646,-0.02435446,45,0,44.932,0.03345013,
2021/06/24 00:49:19,131791.311099,40.0026,1.00,16.00,9.00,1.00,0.00,0.00,0,3.77269,0,5.631722,6.890451,,31.90468,25.49918,23693.02,14415.36,,122.35,149.792413,45.91877,0.1123226,45,0,45.09698,0.08892655,
2021/06/24 00:49:29,131801.3489,10.0031,1.00,17.00,9.00,1.00,0.00,0.00,3.609116,3.856923,13.920082510068,5.641725,6.890624,,31.94316,25.49984,23703,14415.39,,122.14,149.796174,45.56404,-0.1128614,45,0,45.00911,-0.03803968,
2021/06/24 00:50:09,131841.3884,40.0025,1.00,18.00,9.00,1.00,0.00,0.00,0,3.783902,0,5.641727,6.890624,,31.94317,25.49984,23703,14415.39,,122.14,149.796174,45.86188,0.04548669,45,0,45.19764,-0.01874685,
2021/06/24 00:53:59,132070.8758,229.4437,1.00,20.00,9.00,1.00,0.00,0.00,-1.500141,3.704692,-5.557560361572,5.641759,6.986099,,31.94329,25.85542,23703.04,14644.51,,123.83,151.871717,44.72152,-0.04912615,45,0,44.86561,0.02369165,
2021/06/24 01:23:59,133870.9135,1800.0022,1.00,21.00,9.00,1.00,0.00,0.00,0,3.75158,0,5.641759,6.986101,,31.94329,25.85542,23703.04,14644.52,,123.83,151.871761,44.98855,0.1348972,45,0,45.29703,0.151962,
2021/06/24 01:33:45,134457.6473,300.0022,1.00,14.00,10.00,1.00,0.00,0.00,0,3.752112,0,5.641759,6.986101,,31.94329,25.85542,23703.04,14644.52,,123.83,151.871761,44.83897,0.04219413,45,0,45.15439,0.1150227,
2021/06/24 01:33:55,134467.6869,10.0024,1.00,15.00,10.00,1.00,0.00,0.00,-18.0758,3.331061,-60.2115924238,5.641759,7.036217,,31.94329,26.02461,23703.04,14654.53,,124.72,152.961239,45.26827,0.1131237,45,0,44.8982,-0.00254631,
2021/06/24 01:34:35,134507.7279,40.0033,1.00,16.00,10.00,1.00,0.00,0.00,0,3.723364,0,5.641759,7.036232,,31.94329,26.02466,23703.04,14654.53,,124.72,152.961565,45.73954,0.1198137,45,0,45.1437,0.109303,
2021/06/24 01:34:46,134517.7674,10.0027,1.00,17.00,10.00,1.00,0.00,0.00,3.609077,3.808078,13.743646724006,5.651761,7.036411,,31.98128,26.02533,23713.03,14654.57,,124.5,152.965457,45.60733,-0.05405307,45,0,44.57367,-0.1162839,
2021/06/24 01:35:26,134557.808599,40.0034,1.00,18.00,10.00,1.00,0.00,0.00,0,3.736357,0,5.651764,7.036411,,31.98129,26.02533,23713.03,14654.57,,124.5,152.965457,45.28061,-0.08336782,45,0,45.10213,0.1633978,
2021/06/24 01:39:15,134787.323,229.4702,1.00,20.00,10.00,1.00,0.00,0.00,-1.499913,3.655631,-5.483128460103,5.651799,7.131887,,31.98142,26.3762,23713.07,14883.72,,126.19,155.041022,44.827,-0.104562,45,0,45.05331,-0.05741596,
2021/06/24 02:09:15,136587.3639,1800.0031,1.00,21.00,10.00,1.00,0.00,0.00,0,3.70745,0,5.651799,7.131888,,31.98142,26.37621,23713.07,14883.72,,126.19,155.041043,44.50256,-0.1031089,45,0,45.16486,-0.04950285,
2021/06/24 02:18:52,137164.1815,300.0021,1.00,14.00,11.00,1.00,0.00,0.00,0,3.707815,0,5.651799,7.131888,,31.98142,26.37621,23713.07,14883.72,,126.19,155.041043,44.93563,0.08612275,45,0,45.1482,0.1289499,
2021/06/24 02:19:02,137174.2186,10.0023,1.00,15.00,11.00,1.00,0.00,0.00,-18.07576,3.286607,-59.40791934632,5.651799,7.182022,,31.98142,26.54325,23713.07,14893.74,,127.07,156.130913,45.28174,0.1070964,45,0,45.15846,0.162853,
2021/06/24 02:19:42,137214.2598,40.0024,1.00,16.00,11.00,1.00,0.00,0.00,0,3.676576,0,5.651799,7.182036,,31.98142,26.5433,23713.07,14893.74,,127.08,156.131217,45.79284,0.1099288,45,0,45.16965,0.09297132,
2021/06/24 02:19:52,137224.2974,10.0029,1.00,17.00,11.00,1.00,0.00,0.00,3.609657,3.762258,13.580460925506,5.661805,7.182204,,32.01896,26.54391,23723.06,14893.78,,126.85,156.13487,45.49195,-0.1219499,45,0,44.85468,-0.1156771,
2021/06/24 02:20:32,137264.3397,40.0021,1.00,18.00,11.00,1.00,0.00,0.00,0,3.69075,0,5.661808,7.182204,,32.01897,26.54391,23723.07,14893.78,,126.85,156.13487,45.37725,-0.04601002,45,0,44.96612,0.06107926,
2021/06/24 02:24:22,137493.8462,229.4638,1.00,20.00,11.00,1.00,0.00,0.00,-1.499907,3.614237,-5.421019375959,5.661839,7.277679,,32.01909,26.89062,23723.1,15122.93,,128.54,158.210413,44.61542,-0.1443946,45,0,44.58805,-0.1101208,
2021/06/24 02:54:22,139293.8861,1800.0027,1.00,21.00,11.00,1.00,0.00,0.00,0,3.670526,0,5.661839,7.27768,,32.01909,26.89063,23723.1,15122.93,,128.54,158.210435,44.96479,0.02918243,45,0,45.25274,0.1041472,
2021/06/24 03:04:04,139876.1182,300.0022,1.00,14.00,12.00,1.00,0.00,0.00,0,3.670946,0,5.661839,7.27768,,32.01909,26.89063,23723.1,15122.93,,128.54,158.210435,44.83497,0.0657773,45,0,44.94475,-0.03923059,
2021/06/24 03:04:14,139886.1569,10.0022,1.00,15.00,12.00,1.00,0.00,0.00,-18.07423,3.252457,-58.78565588311,5.661839,7.327811,,32.01909,27.0559,23723.1,15132.95,,129.42,159.300239,45.51988,0.09104133,45,0,45.17741,0.003223419,
2021/06/24 03:04:54,139926.1966,40.0028,1.00,16.00,12.00,1.00,0.00,0.00,0,3.639271,0,5.661839,7.32783,,32.01909,27.05596,23723.1,15132.95,,129.42,159.300652,45.69062,-0.06165862,45,0,45.07414,-0.05531192,
2021/06/24 03:05:04,139936.2358,10.0029,1.00,17.00,12.00,1.00,0.00,0.00,3.609177,3.725601,13.446353440377,5.671843,7.328002,,32.05625,27.05659,23733.09,15132.99,,129.2,159.304391,45.77277,-0.0721705,45,0,45.1701,0.0283885,
2021/06/24 03:05:44,139976.2755,40.0025,1.00,18.00,12.00,1.00,0.00,0.00,0,3.654684,0,5.671846,7.328002,,32.05626,27.05659,23733.09,15132.99,,129.2,159.304391,45.54893,-0.04897237,45,0,44.80886,-0.08115649,
2021/06/24 03:09:34,140205.7835,229.4631,1.00,20.00,12.00,1.00,0.00,0.00,-1.499937,3.579823,-5.369508971151,5.671879,7.423478,,32.05639,27.39992,23733.13,15362.14,,130.88,161.379957,45.14608,0.06263494,45,0,45.19412,0.1119411,
2021/06/24 03:39:34,142005.8228,1800.003,1.00,21.00,12.00,1.00,0.00,0.00,0,3.636193,0,5.671879,7.423479,,32.05639,27.39993,23733.13,15362.14,,130.88,161.379978,44.47897,-0.1383984,45,0,44.80833,-0.14045,
2021/06/24 03:49:19,142590.886,300.0021,1.00,14.00,13.00,1.00,0.00,0.00,0,3.636422,0,5.671879,7.423479,,32.05639,27.39993,23733.13,15362.14,,130.88,161.379978,44.78933,0.00816226,45,0,44.83054,-0.0647068,
2021/06/24 03:49:29,142600.9264,10.0032,1.00,15.00,13.00,1.00,0.00,0.00,-18.07703,3.217746,-58.16729097438,5.671879,7.473603,,32.05639,27.56343,23733.14,15372.16,,131.77,162.46963,45.28764,0.09221911,45,0,44.74613,0.002264977,
2021/06/24 03:50:09,142640.9651,40.0025,1.00,16.00,13.00,1.00,0.00,0.00,0,3.60575,0,5.671879,7.473619,,32.05639,27.56348,23733.14,15372.16,,131.77,162.469978,45.75555,-0.1207983,45,0,44.94036,-0.0610292,
2021/06/24 03:50:19,142651.0047,10.0031,1.00,17.00,13.00,1.00,0.00,0.00,3.609367,3.691625,13.324429451375,5.681889,7.473777,,32.09322,27.56405,23743.13,15372.19,,131.54,162.473413,46.00567,0.08953094,45,0,45.28681,0.09827614,
2021/06/24 03:50:59,142691.0431,40.0025,1.00,18.00,13.00,1.00,0.00,0.00,0,3.620858,0,5.681891,7.473777,,32.09324,27.56405,23743.13,15372.19,,131.54,162.473413,45.81627,0.1044178,45,0,44.92577,0.1003134,
2021/06/24 03:54:48,142920.5259,229.4359,1.00,20.00,13.00,1.00,0.00,0.00,-1.500189,3.543703,-5.316224259867,5.681931,7.569252,,32.09338,27.90403,23743.17,15601.31,,133.22,164.548957,45.24004,-0.07547498,45,0,44.91108,-0.09051561,
2021/06/24 04:24:48,144720.5649,1800.0021,1.00,21.00,13.00,1.00,0.00,0.00,0,3.593973,0,5.681931,7.569254,,32.09338,27.90404,23743.17,15601.31,,133.22,164.549,44.4546,-0.09711504,45,0,44.6948,-0.05849481,
2021/06/24 04:34:43,145315.4995,300.0023,1.00,14.00,14.00,1.00,0.00,0.00,0,3.594867,0,5.681931,7.569254,,32.09338,27.90404,23743.17,15601.31,,133.22,164.549,44.64025,-0.06967306,45,0,45.0758,0.1181269,
2021/06/24 04:34:53,145325.5389,10.0023,1.00,15.00,14.00,1.00,0.00,0.00,-18.07446,3.177116,-57.42465605736,5.681931,7.61938,,32.09338,28.06545,23743.18,15611.32,,134.1,165.638696,45.63143,0.1924121,45,0,44.78475,-0.1345944,
2021/06/24 04:35:33,145365.5783,40.0031,1.00,16.00,14.00,1.00,0.00,0.00,0,3.56406,0,5.681931,7.619395,,32.09338,28.0655,23743.18,15611.33,,134.1,165.639022,46.10114,0.04597425,45,0,44.99179,-0.02467394,
2021/06/24 04:35:43,145375.6162,10.0022,1.00,17.00,14.00,1.00,0.00,0.00,3.609154,3.651232,13.177858577728,5.691933,7.619561,,32.12979,28.0661,23753.17,15611.36,,133.87,165.64263,45.63279,-0.09691596,45,0,44.72138,-0.1249361,
2021/06/24 04:36:23,145415.6558,40.0025,1.00,18.00,14.00,1.00,0.00,0.00,0,3.580817,0,5.691936,7.619561,,32.1298,28.0661,23753.17,15611.36,,133.87,165.64263,45.47786,-0.1529241,45,0,44.6142,-0.20244,
2021/06/24 04:40:13,145645.125,229.4256,1.00,20.00,14.00,1.00,0.00,0.00,-1.500162,3.496338,-5.245073406756,5.691967,7.715036,,32.12991,28.40195,23753.2,15840.48,,135.54,167.718174,45.68842,0.118382,45,0,45.01711,0.03709197,
2021/06/24 05:10:13,147445.1639,1800.0021,1.00,21.00,14.00,1.00,0.00,0.00,0,3.546124,0,5.691967,7.715038,,32.12991,28.40195,23753.2,15840.48,,135.54,167.718217,44.55964,-0.09245276,45,0,45.19146,0.1686144,
2021/06/24 05:20:13,148045.0747,300.0022,1.00,14.00,15.00,1.00,0.00,0.00,0,3.546608,0,5.691967,7.715038,,32.12991,28.40195,23753.2,15840.48,,135.54,167.718217,44.80024,0.09744644,45,0,44.97858,0.01168251,
2021/06/24 05:20:23,148055.1131,10.0022,1.00,15.00,15.00,1.00,0.00,0.00,-18.07652,3.131635,-56.6090627102,5.691967,7.765141,,32.12991,28.56091,23753.21,15850.49,,136.42,168.807413,45.19272,0.06699324,45,0,44.94602,0.09487987,
2021/06/24 05:21:03,148095.1527,40.0024,1.00,16.00,15.00,1.00,0.00,0.00,0,3.51018,0,5.691967,7.765155,,32.12991,28.56096,23753.21,15850.49,,136.42,168.807717,45.83092,-0.09299278,45,0,45.07755,-0.04602432,
2021/06/24 05:21:13,148105.1921,10.0031,1.00,17.00,15.00,1.00,0.00,0.00,3.609886,3.593865,12.97344294939,5.701974,7.765313,,32.16577,28.56151,23763.2,15850.52,,136.19,168.811152,45.97973,0.09423256,45,0,44.97983,0.006549358,
2021/06/24 05:21:53,148145.2318,40.0026,1.00,18.00,15.00,1.00,0.00,0.00,0,3.525807,0,5.701978,7.765313,,32.16578,28.56151,23763.21,15850.52,,136.19,168.811152,45.69959,-0.06137609,45,0,44.79517,-0.1257479,
2021/06/24 05:25:42,148374.712,229.4366,1.00,20.00,15.00,1.00,0.00,0.00,-1.50017,3.445881,-5.16940729977,5.702012,7.860788,,32.1659,28.89214,23763.24,16079.64,,137.86,170.886696,45.24236,0.07145882,45,0,44.98882,0.1251018,
2021/06/24 05:55:42,150174.7511,1800.0029,1.00,21.00,15.00,1.00,0.00,0.00,0,3.492923,0,5.702012,7.860789,,32.1659,28.89215,23763.24,16079.64,,137.86,170.886717,44.51364,-0.01704097,45,0,44.98011,0.09011984,
2021/06/24 06:05:41,150773.6594,300.0022,1.00,14.00,16.00,1.00,0.00,0.00,0,3.493853,0,5.702012,7.860789,,32.1659,28.89215,23763.24,16079.64,,137.86,170.886717,44.82023,0.0947392,45,0,45.09454,0.1504254,
2021/06/24 06:05:51,150783.6988,10.003,1.00,15.00,16.00,1.00,0.00,0.00,-18.07674,3.057712,-55.27346481888,5.702013,7.910909,,32.1659,29.04811,23763.25,16089.65,,138.74,171.976283,45.21612,-0.01271009,45,0,44.64024,-0.08345246,
2021/06/24 06:06:31,150823.7407,40.0025,1.00,16.00,16.00,1.00,0.00,0.00,0,3.471908,0,5.702013,7.910928,,32.1659,29.04818,23763.25,16089.66,,138.74,171.976696,45.6514,-0.01552224,45,0,44.66457,-0.06699085,
2021/06/24 06:06:42,150833.7778,10.0032,1.00,17.00,16.00,1.00,0.00,0.00,3.609314,3.557408,12.839802498112,5.712017,7.911083,,32.2014,29.04871,23773.24,16089.69,,138.5,171.980065,45.58168,-0.05794644,45,0,45.08219,0.04758835,
2021/06/24 06:07:22,150873.8172,40.0024,1.00,18.00,16.00,1.00,0.00,0.00,0,3.484674,0,5.71202,7.911083,,32.20141,29.04871,23773.24,16089.69,,138.5,171.980065,45.64631,0.05884051,45,0,44.63074,-0.09009838,
2021/06/24 06:11:11,151103.3367,229.4735,1.00,20.00,16.00,1.00,0.00,0.00,-1.499922,3.40308,-5.10435455976,5.712053,8.006558,,32.20153,29.37549,23773.28,16318.84,,140.17,174.055609,45.41056,0.105741,45,0,44.82119,0.02867818,
2021/06/24 06:41:11,152903.3759,1800.0023,1.00,21.00,16.00,1.00,0.00,0.00,0,3.462046,0,5.712053,8.00656,,32.20153,29.3755,23773.28,16318.84,,140.17,174.055652,44.44077,-0.0183785,45,0,45.1408,0.0780344,
2021/06/24 06:50:55,153486.7751,300.0024,1.00,14.00,17.00,1.00,0.00,0.00,0,3.463147,0,5.712053,8.00656,,32.20153,29.3755,23773.28,16318.84,,140.17,174.055652,44.73783,0.09579301,45,0,44.85448,0.03145814,
2021/06/24 06:51:05,153496.8153,10.0023,1.00,15.00,17.00,1.00,0.00,0.00,-18.07693,2.97366,-53.7546436638,5.712053,8.05666,,32.20153,29.52812,23773.29,16328.85,,141.05,175.144783,45.77598,0.1789927,45,0,45.28981,0.1684487,
2021/06/24 06:51:45,153536.8555,40.0025,1.00,16.00,17.00,1.00,0.00,0.00,0,3.419494,0,5.712053,8.056675,,32.20153,29.52816,23773.29,16328.85,,141.05,175.145109,45.9248,-0.102216,45,0,44.71906,-0.04673719,
2021/06/24 06:51:55,153546.8925,10.0024,1.00,17.00,17.00,1.00,0.00,0.00,3.609039,3.519801,12.703099081239,5.72206,8.056853,,32.23659,29.52877,23783.27,16328.89,,140.8,175.148978,45.94833,-0.1192927,45,0,45.11975,-0.07667542,
2021/06/24 06:52:35,153586.9321,40.0027,1.00,18.00,17.00,1.00,0.00,0.00,0,3.443278,0,5.722063,8.056853,,32.2366,29.52877,23783.28,16328.89,,140.8,175.148978,46.07188,0.1336837,45,0,45.29146,0.1596045,
2021/06/24 06:56:24,153816.4299,229.4519,1.00,20.00,17.00,1.00,0.00,0.00,-1.499943,3.291765,-4.937459869395,5.722096,8.152328,,32.23671,29.84797,23783.31,16558.04,,142.47,177.224522,45.6489,-0.09866118,45,0,45.00496,-0.02597451,
2021/06/24 07:26:24,155616.4684,1800.0029,1.00,21.00,17.00,1.00,0.00,0.00,0,3.366302,0,5.722096,8.152329,,32.23671,29.84797,23783.31,16558.04,,142.47,177.224543,44.57289,-0.1165247,45,0,45.01875,-0.1035786,
2021/06/24 07:36:22,156214.119,300.0028,1.00,14.00,18.00,1.00,0.00,0.00,0,3.369102,0,5.722096,8.152329,,32.23671,29.84797,23783.31,16558.04,,142.47,177.224543,44.475,-0.1156425,45,0,44.79065,-0.1498318,
2021/06/24 07:36:32,156224.1594,10.0032,1.00,15.00,18.00,1.00,0.00,0.00,-18.07587,2.809951,-50.79230898237,5.722096,8.202429,,32.23671,29.99377,23783.32,16568.05,,143.35,178.313674,45.46658,-0.04556298,45,0,44.82241,-0.00706315,
2021/06/24 07:37:12,156264.1989,40.0033,1.00,16.00,18.00,1.00,0.00,0.00,0,3.283992,0,5.722096,8.202444,,32.23671,29.99382,23783.32,16568.05,,143.35,178.314,46.51511,0.03108621,45,0,45.2491,0.1061416,
2021/06/24 07:37:22,156274.2384,10.0023,1.00,17.00,18.00,1.00,0.00,0.00,3.609314,3.399495,12.26984489643,5.7321,8.202629,,32.2705,29.99442,23793.3,16568.09,,143.1,178.318022,46.06041,-0.1000381,45,0,44.71095,-0.1838267,
2021/06/24 07:38:02,156314.2786,40.0025,1.00,18.00,18.00,1.00,0.00,0.00,0,3.318904,0,5.732103,8.202629,,32.27051,29.99442,23793.3,16568.09,,143.1,178.318022,45.74732,-0.100106,45,0,44.69208,-0.08742213,
2021/06/24 07:41:52,156543.7957,229.4719,1.00,20.00,18.00,1.00,0.00,0.00,-1.499962,3.104844,-4.657148015928,5.732139,8.298104,,32.27063,30.29819,23793.34,16797.24,,144.76,180.393565,45.98294,0.09261489,45,0,45.22294,0.09922981,
2021/06/24 08:11:52,158343.835,1800.0024,1.00,21.00,18.00,1.00,0.00,0.00,0,3.207416,0,5.732139,8.298106,,32.27063,30.2982,23793.34,16797.24,,144.76,180.393609,44.86302,0.02357483,45,0,44.97965,-0.07925034,
2021/06/24 08:21:33,158925.0173,300.0023,1.00,14.00,19.00,1.00,0.00,0.00,0,3.212198,0,5.732139,8.298106,,32.27063,30.2982,23793.34,16797.24,,144.76,180.393609,44.9342,0.1354349,45,0,45.18789,0.146085,
2021/06/24 08:21:43,158935.0592,10.003,1.00,15.00,19.00,1.00,0.00,0.00,-18.07659,2.520421,-45.56061704439,5.732139,8.348227,,32.27063,30.43211,23793.35,16807.26,,145.64,181.483196,45.88503,-0.00320673,45,0,44.74778,-0.1103556,
2021/06/24 08:22:23,158975.101,40.0029,1.00,16.00,19.00,1.00,0.00,0.00,0,3.090968,0,5.732139,8.348242,,32.27063,30.43215,23793.35,16807.26,,145.64,181.483522,46.47623,-0.07062435,45,0,45.0799,-0.05797029,
2021/06/24 08:22:33,158985.1388,10.003,1.00,17.00,19.00,1.00,0.00,0.00,3.60891,3.23363,11.6698796433,5.742141,8.348399,,32.30265,30.43263,23803.33,16807.29,,145.39,181.486935,46.74276,0.1208174,45,0,45.23753,0.1468933,
2021/06/24 08:23:13,159025.1784,40.0034,1.00,18.00,19.00,1.00,0.00,0.00,0,3.146705,0,5.742145,8.348399,,32.30266,30.43263,23803.34,16807.29,,145.39,181.486935,46.27448,-0.02593398,45,0,44.90502,-0.09241343,
2021/06/24 08:27:02,159254.6875,229.4639,1.00,20.00,19.00,1.00,0.00,0.00,-1.499958,2.561823,-3.842626903434,5.742181,8.443874,,32.30277,30.70807,23803.37,17036.45,,147.05,183.562478,46.10233,-0.05406141,45,0,44.87644,0.003623962,
2021/06/24 08:57:02,161054.726,1800.0022,1.00,21.00,19.00,1.00,0.00,0.00,0,2.894522,0,5.742181,8.443876,,32.30277,30.70807,23803.37,17036.45,,147.05,183.562522,44.35125,-0.1441813,45,0,44.55719,-0.1698339,
2021/06/24 09:27:03,162854.7734,1800.0065,1.00,24.00,20.00,1.00,0.00,0.00,0,2.928926,0,5.742181,8.443876,,32.30277,30.70807,23803.37,17036.45,,147.05,183.562522,44.86728,0.03386497,45,0,45.2101,0.1131129,
